law,p,log10_H,log10_x,log10_a
power_cost_gap_effective,0.03,3,118.26420352566842,2.5884576963293284
power_cost_gap_effective,0.1,3,113.18138314383343,2.999999340571402
power_cost_gap_effective,0.25,3,102.99750549689801,3.0
power_cost_gap_effective,0.5,3,90.36520215922866,3.0
power_cost_gap_effective,1,3,74.49956548822598,3.0
power_cost_gap_effective,2,3,58.633928817223286,3.0
power_cost_gap_effective,0.03,12,118.4771212544369,2.8140238677703007
power_cost_gap_effective,0.1,12,118.9945597490049,10.099378471474783
power_cost_gap_effective,0.25,12,108.39794000866958,11.999999999995657
power_cost_gap_effective,0.5,12,93.36563667100226,12.0
power_cost_gap_effective,1,12,74.49999999999957,12.0
power_cost_gap_effective,2,12,55.63436332899689,12.0
power_cost_gap_effective,0.03,30,118.47712125471968,2.8140238680700906
power_cost_gap_effective,0.1,30,118.99999999999999,10.106026945493259
power_cost_gap_effective,0.25,30,119.06008590895932,29.739483011234867
power_cost_gap_effective,0.5,30,99.36563667100269,30.000000000000004
power_cost_gap_effective,1,30,74.5,30.000000000000004
power_cost_gap_effective,2,30,49.63436332899732,30.000000000000004
power_cost_gap_effective,0.03,60,118.47712125471968,2.8140238680700906
power_cost_gap_effective,0.1,60,118.99999999999999,10.106026945493259
power_cost_gap_effective,0.25,60,119.39794000867205,30.291687087797236
power_cost_gap_effective,0.5,60,109.3656366710094,59.99999999997985
power_cost_gap_effective,1,60,74.49999999999999,60.00000000000001
power_cost_gap_effective,2,60,39.63436332901747,60.00000000000001
power_cost_gap_effective,0.03,120,118.47712125471968,2.8140238680700906
power_cost_gap_effective,0.1,120,118.99999999999999,10.106026945493259
power_cost_gap_effective,0.25,120,119.39794000867205,30.291687087797236
power_cost_gap_effective,0.5,120,119.69897000433605,90.69897000433605
power_cost_gap_effective,1,120,74.5,120.00000000000001
power_cost_gap_effective,2,120,29.301029995757546,120.00000000000001
exponential_cost_effective,,3,29.08676133298508,3.0
uniform_exponent_continuum,,3,117.59530566718344,2.2395282016264733
exponential_efficiency_effective,,3,31.33490903052514,3.0
capped_raw_power_q1,,3,31.99956548822598,3.0
exponential_cost_effective,,12,29.000000000114134,12.0
uniform_exponent_continuum,,12,117.67732845513136,2.3226815150129942
exponential_efficiency_effective,,12,31.3750529134042,12.0
capped_raw_power_q1,,12,40.99999999999957,12.0
exponential_cost_effective,,60,29.0,60.00000000000001
uniform_exponent_continuum,,60,117.67732845522175,2.322681515104721
exponential_efficiency_effective,,60,31.541192635992626,60.00000000000001
capped_raw_power_q1,,60,89.0,60.00000000000001
exponential_cost_effective,,120,29.0,120.00000000000001
uniform_exponent_continuum,,120,117.67732845522175,2.322681515104721
exponential_efficiency_effective,,120,31.68649814399716,120.00000000000001
capped_raw_power_q1,,120,119.698970004336,90.698970004336
