task,contrast,est,lo,hi,p,n_blocks
code,C1 ai_ban - ai_neutral,0.0,0.0,0.0,1.0,42
code,C2 ai_ban - ai_industry,0.0,0.0,0.0,1.0,42
code,C3 AI-specific stance (interaction),0.0,0.0,0.0,1.0,42
code,C4 ai_ban - mining_ban,0.0,0.0,0.0,1.0,42
code,C5 ai_ban_miri - ai_ban,0.0,0.0,0.0,1.0,42
code,C6 mining_ban - mining_industry,0.0,0.0,0.0,1.0,42
code,C7 ai_ban - mean(other 5),0.0,0.0,0.0,1.0,42
code,C8 ban - industry (both domains),0.0,0.0,0.0,1.0,42
code,C9 AI - mining (main effect),0.0,0.0,0.0,1.0,42
loop,C1 ai_ban - ai_neutral,-0.12830005981991685,-0.5458785467100197,0.2410653558918216,0.6776661166941653,42
loop,C2 ai_ban - ai_industry,0.7130708194594936,0.18353142646465,1.2395032597047346,0.01184940752962352,42
loop,C3 AI-specific stance (interaction),0.4237923923893076,-0.08405589542787986,0.9432065371681798,0.1472926353682316,42
loop,C4 ai_ban - mining_ban,-0.5140046292468314,-0.8682035405550786,-0.2247262021766455,0.003949802509874506,42
loop,C5 ai_ban_miri - ai_ban,-0.1508531190342978,-0.5971985706379864,0.3242592972829766,0.591870406479676,42
loop,C6 mining_ban - mining_industry,0.2892784270701859,0.09642614235672864,0.5303437829620076,0.031048447577621117,42
loop,C7 ai_ban - mean(other 5),-0.12395032597047335,-0.496269860338053,0.19783492192673327,0.5390730463476826,42
loop,C8 ban - industry (both domains),0.5011746232648397,0.19440576108825847,0.8013273849586342,0.0030498475076246186,42
loop,C9 AI - mining (main effect),-0.596431049710507,-0.8170146482210159,-0.3898471730930511,4.999750012499375e-05,42
memo,C1 ai_ban - ai_neutral,-0.17100502911636498,-0.5740008021996825,0.23121632414167312,0.43167841607919605,42
memo,C2 ai_ban - ai_industry,0.09627304164983652,-0.32490554267632604,0.49104668142801744,0.663816809159542,42
memo,C3 AI-specific stance (interaction),0.023600798328310524,-0.5039075947170257,0.5761553600378572,0.9354532273386331,42
memo,C4 ai_ban - mining_ban,-0.04234382676978725,-0.47038118743066626,0.3967025054978996,0.8542072896355182,42
memo,C5 ai_ban_miri - ai_ban,-0.15401312104680182,-0.5675329436876733,0.24514329216143968,0.48007599620019,42
memo,C6 mining_ban - mining_industry,0.07267224332152596,-0.36528404644755297,0.49104668142801683,0.7510124493775311,42
memo,C7 ai_ban - mean(other 5),-0.008878476694926089,-0.35768969740010725,0.32010745493624876,0.960401979901005,42
memo,C8 ban - industry (both domains),0.08447264248568119,-0.24887721466262652,0.41091833435890607,0.6120193990300485,42
memo,C9 AI - mining (main effect),0.03502386381947563,-0.160692214328407,0.23530443391054406,0.7395630218489075,42
sched,C1 ai_ban - ai_neutral,-0.08161952235478154,-0.5228069865745758,0.35488437465910466,0.7372631368431578,36
sched,C2 ai_ban - ai_industry,0.18460136450395442,-0.27363304035177766,0.64229698381047,0.4430278486075696,36
sched,C3 AI-specific stance (interaction),-0.3345963458538643,-0.9363008287146499,0.32168727745445125,0.31623418829058547,36
sched,C4 ai_ban - mining_ban,-0.19221730858597266,-0.6463356857179171,0.22508450559511198,0.4224788760561972,36
sched,C5 ai_ban_miri - ai_ban,-0.09267197032107344,-0.4602583426813332,0.2714683642358764,0.6300684965751713,36
sched,C6 mining_ban - mining_industry,0.5191977103578187,0.10937554112276578,0.9464660265327571,0.024348782560871956,36
sched,C7 ai_ban - mean(other 5),0.08056082545624682,-0.3120882759417459,0.41690359319835146,0.6877656117194141,36
sched,C8 ban - industry (both domains),0.3518995374308866,0.05115592611434697,0.6646673191437876,0.03249837508124594,36
sched,C9 AI - mining (main effect),0.06561348099429617,-0.2175829343877355,0.34851505515538433,0.6584170791460427,36
whip,C1 ai_ban - ai_neutral,0.14526354741081007,-0.14526354741081007,0.43579064223243014,0.5087245637718114,42
whip,C2 ai_ban - ai_industry,0.09684236494054003,-0.14526354741081007,0.33894827729189014,0.7243637818109094,42
whip,C3 AI-specific stance (interaction),0.19368472988108007,-0.09684236494054003,0.5326330071729702,0.3946302684865757,42
whip,C4 ai_ban - mining_ban,0.14526354741081007,-0.14526354741081007,0.43579064223243014,0.5089745512724364,42
whip,C5 ai_ban_miri - ai_ban,0.04842118247027002,-0.2421059123513501,0.33894827729189014,1.0,42
whip,C6 mining_ban - mining_industry,-0.09684236494054003,-0.38736945976216014,0.19368472988108007,0.7558622068896556,42
whip,C7 ai_ban - mean(other 5),0.14526354741081,-0.0871581284464861,0.37768522326810605,0.2654367281635918,42
whip,C8 ban - industry (both domains),0.0,-0.21789532111621507,0.2421059123513501,1.0,42
whip,C9 AI - mining (main effect),0.08070197078378334,-0.08070197078378334,0.24210591235134998,0.42672866356682165,42
