,ai_ban,ai_ban_miri,ai_neutral,ai_industry,mining_ban,mining_neutral,mining_industry
Whitfield,0.8809523809523809,0.9047619047619048,0.8095238095238095,0.8333333333333334,0.8095238095238095,0.7619047619047619,0.8571428571428571
Okafor,1.0,1.0,1.0,1.0,1.0,1.0,1.0
Lindqvist,1.0,1.0,1.0,1.0,1.0,1.0,1.0
Vasquez,1.0,1.0,1.0,1.0,1.0,1.0,1.0
Gallagher,1.0,1.0,1.0,1.0,1.0,0.9761904761904762,1.0
Park,1.0,1.0,1.0,1.0,1.0,1.0,1.0
Sandoval,1.0,1.0,1.0,1.0,1.0,1.0,1.0
Stein,1.0,1.0,1.0,1.0,1.0,1.0,1.0
Brooks,1.0,1.0,1.0,1.0,1.0,1.0,1.0
Grant,1.0,1.0,1.0,1.0,1.0,1.0,1.0
Lund,1.0,1.0,1.0,1.0,1.0,1.0,1.0
Chen,1.0,1.0,1.0,1.0,1.0,1.0,1.0
Ellis,1.0,1.0,1.0,1.0,1.0,1.0,1.0
Alvarez,1.0,1.0,1.0,1.0,1.0,1.0,1.0
Barlow,1.0,1.0,1.0,1.0,1.0,1.0,1.0
Kowalski,1.0,1.0,1.0,1.0,1.0,1.0,1.0
Rourke,1.0,1.0,1.0,1.0,1.0,1.0,1.0
Ames,1.0,1.0,1.0,1.0,1.0,1.0,1.0
Hale,1.0,1.0,1.0,1.0,1.0,1.0,1.0
Mercer,1.0,1.0,1.0,1.0,1.0,1.0,1.0
