cond,model,I1_split_threshold,I2_secretary_undefined,I3_us_person_narrow,I4_grandfather,I5_exception_undefined,I6_use_import_not_covered,I7_registry_unenforced,I8_no_enforcing_agency,I9_effective_date_conflict,I10_sunset_conflict
ai_ban,fable,1,1,1,1,1,1,1,1,1,1
ai_ban,fable,1,1,1,1,1,1,1,1,1,1
ai_ban,fable,1,1,1,1,1,1,1,1,1,1
ai_ban,fable,1,1,1,1,1,1,1,1,1,1
ai_ban,fable,1,1,1,1,1,1,1,1,1,1
ai_ban,fable,1,1,1,1,1,1,1,1,1,1
ai_ban,haiku,1,1,1,1,1,1,1,1,1,1
ai_ban,haiku,1,1,1,1,1,0,1,1,1,1
ai_ban,haiku,1,1,1,1,1,1,1,1,1,1
ai_ban,haiku,1,1,1,1,1,0,1,1,1,1
ai_ban,haiku,1,1,1,1,1,0,1,1,1,1
ai_ban,haiku,1,1,1,1,1,1,1,1,1,1
ai_ban,haiku,1,1,1,1,1,1,1,1,1,1
ai_ban,haiku,1,1,1,1,1,0,1,1,1,1
ai_ban,haiku,1,1,1,1,1,1,1,1,1,1
ai_ban,haiku,1,1,1,1,1,1,1,1,1,1
ai_ban,haiku,1,1,1,1,1,1,1,1,1,1
ai_ban,haiku,1,1,1,1,1,1,1,1,1,1
ai_ban,haiku,1,1,1,1,1,1,1,1,1,1
ai_ban,haiku,1,1,1,1,1,1,1,1,1,1
ai_ban,haiku,1,1,1,1,1,0,1,1,1,1
ai_ban,haiku,1,1,1,1,1,0,1,1,1,1
ai_ban,haiku,1,1,1,1,1,0,1,1,1,1
ai_ban,haiku,1,1,1,1,1,1,1,1,1,1
ai_ban,haiku,1,1,1,1,1,1,1,1,1,1
ai_ban,haiku,1,1,1,1,1,0,1,1,1,1
ai_ban,opus,1,1,1,1,1,1,1,1,1,1
ai_ban,opus,1,1,1,1,1,1,1,1,1,1
ai_ban,opus,1,1,1,1,1,1,1,1,1,1
ai_ban,opus,1,1,1,1,1,1,1,1,1,1
ai_ban,opus,1,1,1,1,1,1,1,1,1,1
ai_ban,opus,1,1,1,1,1,1,1,1,1,1
ai_ban,opus,1,1,1,1,1,1,1,1,1,1
ai_ban,opus,1,1,1,1,1,1,1,1,1,1
ai_ban,sonnet,1,1,1,1,1,0,1,1,1,1
ai_ban,sonnet,1,1,1,1,1,1,1,1,1,1
ai_ban,sonnet,1,1,1,1,1,1,1,1,1,1
ai_ban,sonnet,1,1,1,1,1,1,1,1,1,1
ai_ban,sonnet,1,1,1,1,1,1,1,1,1,1
ai_ban,sonnet,1,1,1,1,1,1,1,1,1,1
ai_ban,sonnet,1,1,1,1,1,1,1,1,1,1
ai_ban,sonnet,1,1,1,1,1,1,1,1,1,1
ai_ban_miri,fable,1,1,1,1,1,1,1,1,1,1
ai_ban_miri,fable,1,1,1,1,1,1,1,1,1,1
ai_ban_miri,fable,1,1,1,1,1,1,1,1,1,1
ai_ban_miri,fable,1,1,1,1,1,1,1,1,1,1
ai_ban_miri,fable,1,1,1,1,1,1,1,1,1,1
ai_ban_miri,fable,1,1,1,1,1,1,1,1,1,1
ai_ban_miri,haiku,1,1,1,1,1,1,1,1,1,1
ai_ban_miri,haiku,1,1,1,1,1,1,1,1,1,1
ai_ban_miri,haiku,1,1,1,1,1,0,1,1,1,1
ai_ban_miri,haiku,1,1,1,1,1,1,1,1,1,1
ai_ban_miri,haiku,1,1,1,1,1,0,1,1,1,1
ai_ban_miri,haiku,1,1,1,1,1,1,1,1,1,1
ai_ban_miri,haiku,1,1,1,1,1,0,1,1,1,1
ai_ban_miri,haiku,1,1,1,1,1,0,1,1,1,1
ai_ban_miri,haiku,1,1,1,1,1,0,1,1,1,1
ai_ban_miri,haiku,1,1,1,1,1,1,1,1,1,1
ai_ban_miri,haiku,1,1,1,1,1,0,1,1,1,1
ai_ban_miri,haiku,1,1,1,1,1,1,1,1,1,1
ai_ban_miri,haiku,1,1,1,1,1,1,1,1,1,1
ai_ban_miri,haiku,1,1,1,1,1,0,1,1,1,1
ai_ban_miri,haiku,1,1,1,1,1,1,1,1,1,1
ai_ban_miri,haiku,1,1,1,1,1,0,1,1,1,1
ai_ban_miri,haiku,1,1,1,1,1,1,1,1,1,1
ai_ban_miri,haiku,1,1,1,1,1,1,1,1,1,1
ai_ban_miri,haiku,1,1,1,1,1,1,1,1,1,1
ai_ban_miri,haiku,1,1,1,1,1,0,1,1,1,1
ai_ban_miri,opus,1,1,1,1,1,1,1,1,1,1
ai_ban_miri,opus,1,1,1,1,1,1,1,1,1,1
ai_ban_miri,opus,1,1,1,1,1,1,1,1,1,1
ai_ban_miri,opus,1,1,1,1,1,0,1,1,1,1
ai_ban_miri,opus,1,1,1,1,1,1,1,1,1,1
ai_ban_miri,opus,1,1,1,1,1,0,1,1,1,1
ai_ban_miri,opus,1,1,1,1,1,0,1,1,1,1
ai_ban_miri,opus,1,1,1,1,1,1,1,1,1,1
ai_ban_miri,sonnet,1,1,1,1,1,1,1,1,1,1
ai_ban_miri,sonnet,1,1,1,1,1,1,1,1,1,1
ai_ban_miri,sonnet,1,1,1,1,1,1,1,1,1,1
ai_ban_miri,sonnet,1,1,1,1,1,1,1,1,1,1
ai_ban_miri,sonnet,1,1,1,1,1,1,1,1,1,1
ai_ban_miri,sonnet,1,1,1,1,1,1,1,1,1,1
ai_ban_miri,sonnet,1,1,1,1,1,1,1,1,1,1
ai_ban_miri,sonnet,1,1,1,1,1,1,1,1,1,1
ai_industry,fable,1,1,1,1,1,1,1,1,1,1
ai_industry,fable,1,1,1,1,1,1,1,1,1,1
ai_industry,fable,1,1,1,1,1,1,1,1,1,1
ai_industry,fable,1,1,1,1,1,1,1,1,1,1
ai_industry,fable,1,1,1,1,1,1,1,1,1,1
ai_industry,fable,1,1,1,1,1,1,1,1,1,1
ai_industry,haiku,1,1,1,1,1,0,1,1,1,1
ai_industry,haiku,1,1,1,1,1,1,1,1,1,1
ai_industry,haiku,1,1,1,1,1,0,1,1,1,1
ai_industry,haiku,1,1,1,1,1,0,1,1,1,1
ai_industry,haiku,1,1,1,1,1,0,1,1,1,1
ai_industry,haiku,1,1,1,1,1,0,1,1,1,1
ai_industry,haiku,1,1,1,1,1,1,1,1,1,1
ai_industry,haiku,1,1,1,1,1,0,1,1,1,1
ai_industry,haiku,1,1,1,1,1,0,1,1,1,1
ai_industry,haiku,1,1,1,1,1,0,1,1,1,1
ai_industry,haiku,1,1,1,1,1,0,1,1,1,1
ai_industry,haiku,1,1,1,1,1,0,1,1,1,1
ai_industry,haiku,1,1,1,0,1,0,1,1,1,1
ai_industry,haiku,1,1,1,1,1,0,1,1,1,1
ai_industry,haiku,1,1,1,1,1,0,1,1,1,1
ai_industry,haiku,1,1,1,1,1,0,1,1,1,1
ai_industry,haiku,1,1,1,1,1,0,1,1,1,1
ai_industry,haiku,1,1,1,1,1,1,1,1,1,1
ai_industry,haiku,1,1,1,1,1,0,1,1,1,1
ai_industry,haiku,1,1,1,1,1,0,1,1,1,1
ai_industry,opus,1,1,1,1,1,0,1,1,1,1
ai_industry,opus,1,1,1,1,1,1,1,1,1,1
ai_industry,opus,1,1,1,1,1,1,1,1,1,0
ai_industry,opus,1,1,1,1,1,1,1,1,1,1
ai_industry,opus,1,1,1,1,1,1,1,1,1,0
ai_industry,opus,1,1,1,1,1,1,1,1,1,1
ai_industry,opus,1,1,1,1,1,1,1,1,1,1
ai_industry,opus,1,1,1,1,1,1,1,1,1,1
ai_industry,sonnet,1,1,1,1,1,1,1,1,1,1
ai_industry,sonnet,1,1,1,1,1,1,1,1,1,1
ai_industry,sonnet,1,1,1,1,1,1,1,1,1,1
ai_industry,sonnet,1,1,1,1,1,1,1,1,1,1
ai_industry,sonnet,1,1,1,1,1,0,1,1,1,1
ai_industry,sonnet,1,1,1,1,1,1,1,1,1,1
ai_industry,sonnet,1,1,1,1,1,1,1,1,1,1
ai_industry,sonnet,1,1,1,1,1,1,1,1,1,1
ai_neutral,fable,1,1,1,1,1,1,1,1,1,1
ai_neutral,fable,1,1,1,1,1,1,1,1,1,1
ai_neutral,fable,1,1,1,1,1,1,1,1,1,1
ai_neutral,fable,1,1,1,1,1,1,1,1,1,1
ai_neutral,fable,1,1,1,1,1,1,1,1,1,1
ai_neutral,fable,1,1,1,1,1,1,1,1,1,1
ai_neutral,haiku,1,1,1,1,1,1,1,1,1,1
ai_neutral,haiku,1,1,1,1,1,1,1,1,1,1
ai_neutral,haiku,1,1,1,1,1,1,1,1,1,1
ai_neutral,haiku,1,1,1,1,1,0,1,1,1,1
ai_neutral,haiku,1,1,1,1,1,1,1,1,1,1
ai_neutral,haiku,1,1,1,1,1,0,1,1,1,1
ai_neutral,haiku,1,1,1,1,1,1,1,1,1,1
ai_neutral,haiku,1,1,1,1,1,1,1,1,1,1
ai_neutral,haiku,1,1,1,1,1,1,1,1,1,1
ai_neutral,haiku,1,1,1,1,1,1,1,1,1,1
ai_neutral,haiku,1,1,1,1,1,0,1,1,1,1
ai_neutral,haiku,1,1,1,1,1,0,1,1,1,1
ai_neutral,haiku,1,1,1,1,1,1,1,1,1,1
ai_neutral,haiku,1,1,1,1,1,0,1,1,1,1
ai_neutral,haiku,1,1,1,1,1,1,1,1,1,1
ai_neutral,haiku,1,1,1,1,1,0,1,1,1,1
ai_neutral,haiku,1,1,1,1,1,0,1,1,1,1
ai_neutral,haiku,1,1,1,1,1,1,1,1,1,1
ai_neutral,haiku,1,1,1,1,1,0,1,1,1,1
ai_neutral,haiku,1,1,1,1,1,1,1,1,1,1
ai_neutral,opus,1,1,1,1,1,1,1,1,1,1
ai_neutral,opus,1,1,1,1,1,1,1,1,1,1
ai_neutral,opus,1,1,1,1,1,1,1,1,1,1
ai_neutral,opus,1,1,1,1,1,1,1,1,1,1
ai_neutral,opus,1,1,1,1,1,1,1,1,1,1
ai_neutral,opus,1,1,1,1,1,1,1,1,1,1
ai_neutral,opus,1,1,1,1,1,1,1,1,1,1
ai_neutral,opus,1,1,1,1,1,1,1,1,1,1
ai_neutral,sonnet,1,1,1,1,1,1,1,1,1,1
ai_neutral,sonnet,1,1,1,1,1,1,1,1,1,1
ai_neutral,sonnet,1,1,1,1,1,1,1,1,1,1
ai_neutral,sonnet,1,1,1,1,1,1,1,1,1,1
ai_neutral,sonnet,1,1,1,1,1,1,1,1,1,1
ai_neutral,sonnet,1,1,1,1,1,1,1,1,1,1
ai_neutral,sonnet,1,1,1,1,1,1,1,1,1,1
ai_neutral,sonnet,1,1,1,1,1,1,1,1,1,1
mining_ban,fable,1,1,1,1,1,1,1,1,1,1
mining_ban,fable,1,1,1,1,1,1,1,1,1,1
mining_ban,fable,1,1,1,1,1,1,1,1,1,1
mining_ban,fable,1,1,1,1,1,1,1,1,1,1
mining_ban,fable,1,1,1,1,1,1,1,1,1,1
mining_ban,fable,1,1,1,1,1,1,1,1,1,1
mining_ban,haiku,1,1,1,1,1,1,1,1,1,1
mining_ban,haiku,1,1,1,1,1,1,1,1,1,1
mining_ban,haiku,1,1,1,1,1,1,1,1,1,1
mining_ban,haiku,1,1,1,1,1,1,1,1,1,1
mining_ban,haiku,1,1,1,1,1,1,1,1,1,1
mining_ban,haiku,1,1,1,1,1,1,1,1,1,1
mining_ban,haiku,1,1,1,1,1,1,1,1,1,1
mining_ban,haiku,1,1,1,1,1,1,1,1,1,1
mining_ban,haiku,1,1,1,1,1,1,1,1,1,1
mining_ban,haiku,1,1,1,1,1,1,1,1,1,1
mining_ban,haiku,1,1,1,1,1,1,1,1,1,1
mining_ban,haiku,1,1,1,1,1,1,1,1,1,1
mining_ban,haiku,1,1,1,1,1,1,1,1,1,1
mining_ban,haiku,1,1,1,1,1,1,1,1,1,1
mining_ban,haiku,1,1,1,1,1,1,1,1,1,1
mining_ban,haiku,1,1,1,1,1,1,1,1,1,1
mining_ban,haiku,1,1,1,1,1,1,1,1,1,1
mining_ban,haiku,1,1,1,1,1,1,1,1,1,1
mining_ban,haiku,1,1,1,1,1,1,1,1,1,1
mining_ban,haiku,1,1,1,1,1,1,1,1,1,1
mining_ban,opus,1,1,1,1,1,1,1,1,1,1
mining_ban,opus,1,1,1,1,1,1,1,1,1,1
mining_ban,opus,1,1,1,1,1,1,1,1,1,1
mining_ban,opus,1,1,1,1,1,1,1,1,1,1
mining_ban,opus,1,1,1,1,1,1,1,1,1,1
mining_ban,opus,1,1,1,1,1,1,1,1,1,1
mining_ban,opus,1,1,1,1,1,1,1,1,1,1
mining_ban,opus,1,1,1,1,1,1,1,1,1,1
mining_ban,sonnet,1,1,1,1,1,1,1,1,1,1
mining_ban,sonnet,1,1,1,1,1,1,1,1,1,1
mining_ban,sonnet,1,1,1,1,1,1,1,1,1,1
mining_ban,sonnet,1,1,1,1,1,1,1,1,1,1
mining_ban,sonnet,1,1,1,1,1,1,1,1,1,1
mining_ban,sonnet,1,1,1,1,1,1,1,1,1,1
mining_ban,sonnet,1,1,1,1,1,1,1,1,1,1
mining_ban,sonnet,1,1,1,1,1,1,1,1,1,1
mining_industry,fable,1,1,1,1,1,1,1,1,1,1
mining_industry,fable,1,1,1,1,1,1,1,1,1,1
mining_industry,fable,1,1,1,1,1,1,1,1,1,1
mining_industry,fable,1,1,1,1,1,1,1,1,1,1
mining_industry,fable,1,1,1,1,1,1,1,1,1,1
mining_industry,fable,1,1,1,1,1,1,1,1,1,1
mining_industry,haiku,1,1,1,1,1,1,1,1,1,1
mining_industry,haiku,1,1,1,1,1,1,1,1,1,1
mining_industry,haiku,1,1,1,1,1,1,1,1,1,1
mining_industry,haiku,1,1,1,1,1,1,1,1,1,1
mining_industry,haiku,1,1,1,1,1,1,1,1,1,1
mining_industry,haiku,1,1,1,1,1,0,1,1,1,1
mining_industry,haiku,1,1,1,1,1,1,1,1,1,1
mining_industry,haiku,1,1,1,1,1,1,1,1,1,1
mining_industry,haiku,1,1,1,1,1,0,1,1,1,1
mining_industry,haiku,1,1,1,1,1,0,1,1,1,1
mining_industry,haiku,1,1,1,1,1,0,1,1,1,1
mining_industry,haiku,1,1,1,1,1,0,1,1,1,1
mining_industry,haiku,1,1,1,1,1,1,1,1,1,1
mining_industry,haiku,1,1,1,1,1,1,1,1,1,1
mining_industry,haiku,1,1,1,1,1,0,1,1,1,1
mining_industry,haiku,1,1,1,1,1,1,1,1,1,1
mining_industry,haiku,1,1,1,1,1,1,1,1,1,1
mining_industry,haiku,1,1,1,1,1,1,1,1,1,1
mining_industry,haiku,1,1,1,1,1,1,1,1,1,1
mining_industry,haiku,1,1,1,1,1,1,1,1,1,1
mining_industry,opus,1,1,1,1,1,1,1,1,1,1
mining_industry,opus,1,1,1,1,1,1,1,1,1,1
mining_industry,opus,1,1,1,1,1,1,1,1,1,1
mining_industry,opus,1,1,1,1,1,1,1,1,1,1
mining_industry,opus,1,1,1,1,1,1,1,1,1,1
mining_industry,opus,1,1,1,1,1,1,1,1,1,1
mining_industry,opus,1,1,1,1,1,1,1,1,1,1
mining_industry,opus,1,1,1,1,1,1,1,1,1,1
mining_industry,sonnet,1,1,1,1,1,1,1,1,1,1
mining_industry,sonnet,1,1,1,1,1,1,1,1,1,1
mining_industry,sonnet,1,1,1,1,1,1,1,1,1,1
mining_industry,sonnet,1,1,1,1,1,1,1,1,1,1
mining_industry,sonnet,1,1,1,1,1,1,1,1,1,1
mining_industry,sonnet,1,1,1,1,1,1,1,1,1,1
mining_industry,sonnet,1,1,1,1,1,1,1,1,1,1
mining_industry,sonnet,1,1,1,1,1,1,1,1,1,1
mining_neutral,fable,1,1,1,1,1,1,1,1,1,1
mining_neutral,fable,1,1,1,1,1,1,1,1,1,1
mining_neutral,fable,1,1,1,1,1,1,1,1,1,1
mining_neutral,fable,1,1,1,1,1,1,1,1,1,1
mining_neutral,fable,1,1,1,1,1,1,1,1,1,1
mining_neutral,fable,1,1,1,1,1,1,1,1,1,1
mining_neutral,haiku,1,1,1,1,1,1,1,1,1,1
mining_neutral,haiku,1,1,1,1,1,1,1,1,1,1
mining_neutral,haiku,1,1,1,1,1,1,1,1,1,1
mining_neutral,haiku,1,1,1,1,1,1,1,1,1,1
mining_neutral,haiku,1,1,1,1,1,1,1,1,1,1
mining_neutral,haiku,1,1,1,1,1,0,1,1,1,1
mining_neutral,haiku,1,1,1,1,1,1,1,1,1,1
mining_neutral,haiku,1,1,1,1,1,1,1,1,1,1
mining_neutral,haiku,1,1,1,1,1,1,1,1,1,1
mining_neutral,haiku,1,1,1,1,1,1,1,1,1,1
mining_neutral,haiku,1,1,1,1,1,1,1,1,1,1
mining_neutral,haiku,1,1,1,1,1,1,1,1,1,1
mining_neutral,haiku,1,1,1,1,1,1,1,1,1,1
mining_neutral,haiku,1,1,1,1,1,1,1,1,1,1
mining_neutral,haiku,1,1,1,1,1,1,1,1,1,1
mining_neutral,haiku,1,1,1,1,1,1,1,1,1,1
mining_neutral,haiku,1,1,1,1,1,1,1,1,1,1
mining_neutral,haiku,1,1,1,1,1,1,1,1,1,1
mining_neutral,haiku,1,1,1,1,1,1,1,1,1,1
mining_neutral,haiku,1,1,1,1,1,1,1,1,1,1
mining_neutral,opus,1,1,1,1,1,1,1,1,1,1
mining_neutral,opus,1,1,1,1,1,1,1,1,1,1
mining_neutral,opus,1,1,1,1,1,1,1,1,1,1
mining_neutral,opus,1,1,1,1,1,1,1,1,1,1
mining_neutral,opus,1,1,1,1,1,1,1,1,1,1
mining_neutral,opus,1,1,1,1,1,1,1,1,1,1
mining_neutral,opus,1,1,1,1,1,1,1,1,1,1
mining_neutral,opus,1,1,1,1,1,1,1,1,1,1
mining_neutral,sonnet,1,1,1,1,1,1,1,1,1,1
mining_neutral,sonnet,1,1,1,1,1,1,1,1,1,1
mining_neutral,sonnet,1,1,1,1,1,1,1,1,1,1
mining_neutral,sonnet,1,1,1,1,1,1,1,1,1,1
mining_neutral,sonnet,1,1,1,1,1,1,1,1,1,1
mining_neutral,sonnet,1,1,1,1,1,1,1,1,1,1
mining_neutral,sonnet,1,1,1,1,1,1,1,1,1,1
mining_neutral,sonnet,1,1,1,1,1,1,1,1,1,1
