model,task,contrast,est,lo,hi,p,n_blocks
fable,code,C2 ai_ban - ai_industry,0.0,0.0,0.0,1.0,1
fable,memo,C2 ai_ban - ai_industry,0.06896551724137923,0.06896551724137923,0.06896551724137923,1.0,1
fable,sched,C2 ai_ban - ai_industry,-0.012658227848101222,-0.012658227848101222,-0.012658227848101222,1.0,1
fable,whip,C2 ai_ban - ai_industry,0.0,0.0,0.0,1.0,1
haiku,code,C2 ai_ban - ai_industry,0.0,0.0,0.0,1.0,1
haiku,memo,C2 ai_ban - ai_industry,-0.034482758620689724,-0.034482758620689724,-0.034482758620689724,1.0,1
haiku,sched,C2 ai_ban - ai_industry,0.025316455696202556,0.025316455696202556,0.025316455696202556,1.0,1
haiku,whip,C2 ai_ban - ai_industry,0.0,0.0,0.0,1.0,1
opus,code,C2 ai_ban - ai_industry,0.0,0.0,0.0,1.0,1
opus,memo,C2 ai_ban - ai_industry,0.0,0.0,0.0,1.0,1
opus,sched,C2 ai_ban - ai_industry,-0.012658227848101222,-0.012658227848101222,-0.012658227848101222,1.0,1
opus,whip,C2 ai_ban - ai_industry,0.0,0.0,0.0,1.0,1
sonnet,code,C2 ai_ban - ai_industry,0.0,0.0,0.0,1.0,1
sonnet,memo,C2 ai_ban - ai_industry,0.0,0.0,0.0,1.0,1
sonnet,sched,C2 ai_ban - ai_industry,0.0,0.0,0.0,1.0,1
sonnet,whip,C2 ai_ban - ai_industry,0.0,0.0,0.0,1.0,1
