model,expenditure_usd,speedup_pct,x_pixel,y_pixel,split
Opus 4.8,100.0,0.12276585598473892,803.0,1405.0,train
Opus 4.8,115.47819846894582,0.12276585598473892,834.0,1405.0,train
Opus 4.8,133.3521432163324,0.12276585598473892,865.0,1405.0,train
Opus 4.8,153.99265260594922,0.12276585598473892,896.0,1405.0,train
Opus 4.8,177.82794100389228,0.12276585598473892,927.0,1405.0,train
Opus 4.8,205.3525026457146,0.12276585598473892,958.0,1405.0,train
Opus 4.8,237.13737056616552,0.12276585598473892,989.0,1405.0,train
Opus 4.8,273.84196342643617,0.12276585598473892,1019.0,1405.0,train
Opus 4.8,316.22776601683796,0.12276585598473892,1050.0,1405.0,train
Opus 4.8,365.1741272548377,0.12276585598473892,1081.0,1405.0,train
Opus 4.8,421.6965034285822,0.12276585598473892,1112.0,1405.0,train
Opus 4.8,486.9675251658631,0.12276585598473892,1143.0,1405.0,train
Opus 4.8,562.3413251903492,0.12276585598473892,1174.0,1405.0,train
Opus 4.8,649.3816315762114,0.12276585598473892,1205.0,1405.0,train
Opus 4.8,749.8942093324558,0.5595040534096317,1236.0,1087.0,train
Opus 4.8,865.9643233600655,0.5595040534096317,1267.0,1087.0,train
Opus 4.8,1000.0,0.5636242250834516,1298.0,1084.0,train
Opus 4.8,1154.781984689458,0.5636242250834516,1329.0,1084.0,holdout
Opus 4.8,1333.5214321633239,0.5636242250834516,1360.0,1084.0,holdout
Opus 4.8,1539.926526059492,0.5636242250834516,1391.0,1084.0,holdout
Opus 4.8,1778.2794100389228,0.5636242250834516,1422.0,1084.0,holdout
Opus 4.8,2053.525026457146,0.6501478302336662,1453.0,1021.0,holdout
Opus 4.8,2371.373705661655,0.6501478302336662,1483.0,1021.0,holdout
Opus 4.8,2738.4196342643613,0.717443967572722,1514.0,972.0,holdout
Opus 4.8,3162.277660168379,0.7710061993323786,1545.0,933.0,holdout
Opus 4.8,3651.7412725483773,1.3409632808774432,1576.0,518.0,holdout
Opus 4.8,4216.965034285822,1.3409632808774432,1607.0,518.0,holdout
Opus 4.8,4869.675251658631,1.3409632808774432,1638.0,518.0,holdout
Opus 4.8,5623.413251903491,1.3409632808774432,1669.0,518.0,holdout
Opus 4.8,6493.816315762113,1.3409632808774432,1700.0,518.0,holdout
Opus 4.8,7498.942093324558,1.3409632808774432,1731.0,518.0,holdout
Opus 4.8,8659.643233600653,1.39177873152122,1762.0,481.0,holdout
Opus 4.8,10000.0,1.5009632808774431,1793.0,401.5,holdout
Opus 4.8,10009.308643798468,1.5009632808774431,1793.0,401.5,holdout
GPT 5.5,100.0,0.16259418216499646,803.0,1376.0,train
GPT 5.5,115.47819846894582,0.16259418216499646,834.0,1376.0,train
GPT 5.5,133.3521432163324,0.16259418216499646,865.0,1376.0,train
GPT 5.5,153.99265260594922,0.19418216499761448,896.0,1353.0,train
GPT 5.5,177.82794100389228,0.19418216499761448,927.0,1353.0,train
GPT 5.5,205.3525026457146,0.19418216499761448,958.0,1353.0,train
GPT 5.5,237.13737056616552,0.19418216499761448,989.0,1353.0,train
GPT 5.5,273.84196342643617,0.20379589890319388,1019.0,1346.0,train
GPT 5.5,316.22776601683796,0.20379589890319388,1050.0,1346.0,train
GPT 5.5,365.1741272548377,0.20379589890319388,1081.0,1346.0,train
GPT 5.5,421.6965034285822,0.20379589890319388,1112.0,1346.0,train
GPT 5.5,486.9675251658631,0.20379589890319388,1143.0,1346.0,train
GPT 5.5,562.3413251903492,0.20379589890319388,1174.0,1346.0,train
GPT 5.5,649.3816315762114,0.37546971864568324,1205.0,1221.0,train
GPT 5.5,749.8942093324558,0.49358130662851585,1236.0,1135.0,train
GPT 5.5,865.9643233600655,0.49358130662851585,1267.0,1135.0,train
GPT 5.5,1000.0,0.49358130662851585,1298.0,1135.0,train
GPT 5.5,1154.781984689458,0.5045684310920352,1329.0,1127.0,holdout
GPT 5.5,1333.5214321633239,0.5045684310920352,1360.0,1127.0,holdout
GPT 5.5,1539.926526059492,0.9454268001907478,1391.0,806.0,holdout
GPT 5.5,1778.2794100389228,0.9447401049117778,1422.0,806.5,holdout
GPT 5.5,2053.525026457146,0.9454268001907478,1453.0,806.0,holdout
GPT 5.5,2371.373705661655,0.9454268001907478,1483.0,806.0,holdout
GPT 5.5,2738.4196342643613,0.9509203624225074,1514.0,802.0,holdout
GPT 5.5,3162.277660168379,0.9509203624225074,1545.0,802.0,holdout
GPT 5.5,3651.7412725483773,0.9509203624225074,1576.0,802.0,holdout
GPT 5.5,4216.965034285822,0.9509203624225074,1607.0,802.0,holdout
GPT 5.5,4869.675251658631,0.9509203624225074,1638.0,802.0,holdout
GPT 5.5,5623.413251903491,0.9591607057701469,1669.0,796.0,holdout
GPT 5.5,5674.329314279905,0.9516070577014774,1671.0,801.5,holdout
Opus 4.5,100.0,0.24774439675727117,803.0,1314.0,train
Opus 4.5,115.47819846894582,0.24774439675727117,834.0,1314.0,train
Opus 4.5,133.3521432163324,0.24774439675727117,865.0,1314.0,train
Opus 4.5,153.99265260594922,0.24774439675727117,896.0,1314.0,train
Opus 4.5,177.82794100389228,0.24774439675727117,927.0,1314.0,train
Opus 4.5,205.3525026457146,0.24774439675727117,958.0,1314.0,train
Opus 4.5,237.13737056616552,0.24774439675727117,989.0,1314.0,train
Opus 4.5,273.84196342643617,0.24774439675727117,1019.0,1314.0,train
Opus 4.5,316.22776601683796,0.24774439675727117,1050.0,1314.0,train
Opus 4.5,365.1741272548377,0.24774439675727117,1081.0,1314.0,train
Opus 4.5,421.6965034285822,0.24774439675727117,1112.0,1314.0,train
Opus 4.5,486.9675251658631,0.24774439675727117,1143.0,1314.0,train
Opus 4.5,562.3413251903492,0.24774439675727117,1174.0,1314.0,train
Opus 4.5,649.3816315762114,0.24774439675727117,1205.0,1314.0,train
Opus 4.5,749.8942093324558,0.24774439675727117,1236.0,1314.0,train
Opus 4.5,865.9643233600655,0.24774439675727117,1267.0,1314.0,train
Opus 4.5,1000.0,0.24774439675727117,1298.0,1314.0,train
Opus 4.5,1154.781984689458,0.26834525512636986,1329.0,1299.0,holdout
Opus 4.5,1333.5214321633239,0.3383881735813055,1360.0,1248.0,holdout
Opus 4.5,1539.926526059492,0.3383881735813055,1391.0,1248.0,holdout
Opus 4.5,1778.2794100389228,0.3383881735813055,1422.0,1248.0,holdout
Opus 4.5,2053.525026457146,0.3576156413924643,1453.0,1234.0,holdout
Opus 4.5,2067.6946915166586,0.3500619933237948,1454.0,1239.5,holdout
GPT 5.2,100.0,0.315040534096327,803.0,1265.0,train
GPT 5.2,115.47819846894582,0.315040534096327,834.0,1265.0,train
GPT 5.2,133.3521432163324,0.315040534096327,865.0,1265.0,train
GPT 5.2,153.99265260594922,0.315040534096327,896.0,1265.0,train
GPT 5.2,177.82794100389228,0.315040534096327,927.0,1265.0,train
GPT 5.2,205.3525026457146,0.315040534096327,958.0,1265.0,train
GPT 5.2,237.13737056616552,0.315040534096327,989.0,1265.0,train
GPT 5.2,273.84196342643617,0.315040534096327,1019.0,1265.0,train
GPT 5.2,316.22776601683796,0.315040534096327,1050.0,1265.0,train
GPT 5.2,365.1741272548377,0.315040534096327,1081.0,1265.0,train
GPT 5.2,421.6965034285822,0.315040534096327,1112.0,1265.0,train
GPT 5.2,486.9675251658631,0.315040534096327,1143.0,1265.0,train
GPT 5.2,562.3413251903492,0.3177873152122068,1174.0,1263.0,train
GPT 5.2,649.3816315762114,0.38508345255126264,1205.0,1214.0,train
GPT 5.2,749.8942093324558,0.38508345255126264,1236.0,1214.0,train
GPT 5.2,865.9643233600655,0.38508345255126264,1267.0,1214.0,train
GPT 5.2,1000.0,0.38508345255126264,1298.0,1214.0,train
GPT 5.2,1154.781984689458,0.38508345255126264,1329.0,1214.0,holdout
GPT 5.2,1333.5214321633239,0.38508345255126264,1360.0,1214.0,holdout
GPT 5.2,1539.926526059492,0.38508345255126264,1391.0,1214.0,holdout
GPT 5.2,1778.2794100389228,0.507315212207915,1422.0,1125.0,holdout
GPT 5.2,2053.525026457146,0.507315212207915,1453.0,1125.0,holdout
GPT 5.2,2371.373705661655,0.507315212207915,1483.0,1125.0,holdout
GPT 5.2,2738.4196342643613,0.507315212207915,1514.0,1125.0,holdout
GPT 5.2,3162.277660168379,0.507315212207915,1545.0,1125.0,holdout
GPT 5.2,3630.408965573774,0.5066285169289451,1575.0,1125.5,holdout
Opus 4.1,100.0,0.0,803.0,1494.0,train
Opus 4.1,115.47819846894582,0.0,834.0,1494.0,train
Opus 4.1,133.3521432163324,0.0,865.0,1494.0,train
Opus 4.1,153.99265260594922,0.0,896.0,1494.0,train
Opus 4.1,177.82794100389228,0.0,927.0,1494.0,train
Opus 4.1,205.3525026457146,0.0,958.0,1494.0,train
Opus 4.1,237.13737056616552,0.0,989.0,1494.0,train
Opus 4.1,273.84196342643617,0.0,1019.0,1494.0,train
Opus 4.1,316.22776601683796,0.0,1050.0,1494.0,train
Opus 4.1,365.1741272548377,0.0,1081.0,1494.0,train
Opus 4.1,421.6965034285822,0.0,1112.0,1494.0,train
Opus 4.1,486.9675251658631,0.0,1143.0,1494.0,train
Opus 4.1,562.3413251903492,0.0,1174.0,1494.0,train
Opus 4.1,649.3816315762114,0.11315212207915952,1205.0,1412.0,train
Opus 4.1,749.8942093324558,0.11315212207915952,1236.0,1412.0,train
Opus 4.1,865.9643233600655,0.11315212207915952,1267.0,1412.0,train
Opus 4.1,1000.0,0.11315212207915952,1298.0,1412.0,train
Opus 4.1,1154.781984689458,0.11315212207915952,1329.0,1412.0,holdout
Opus 4.1,1333.5214321633239,0.11315212207915952,1360.0,1412.0,holdout
Opus 4.1,1539.926526059492,0.11315212207915952,1391.0,1412.0,holdout
Opus 4.1,1778.2794100389228,0.11315212207915952,1422.0,1412.0,holdout
Opus 4.1,2053.525026457146,0.11315212207915952,1453.0,1412.0,holdout
Opus 4.1,2371.373705661655,0.22989031950405225,1483.0,1327.0,holdout
Opus 4.1,2388.465661617082,0.22164997615641277,1485.0,1333.0,holdout
GPT 5,100.0,0.0,803.0,1494.0,train
GPT 5,115.47819846894582,0.0,834.0,1494.0,train
GPT 5,133.3521432163324,0.0,865.0,1494.0,train
GPT 5,153.99265260594922,0.0,896.0,1494.0,train
GPT 5,177.82794100389228,0.0,927.0,1494.0,train
GPT 5,205.3525026457146,0.0,958.0,1494.0,train
GPT 5,237.13737056616552,0.0,989.0,1494.0,train
GPT 5,273.84196342643617,0.0,1019.0,1494.0,train
GPT 5,316.22776601683796,0.0,1050.0,1494.0,train
GPT 5,365.1741272548377,0.0,1081.0,1494.0,train
GPT 5,421.6965034285822,0.0,1112.0,1494.0,train
GPT 5,486.9675251658631,0.0,1143.0,1494.0,train
GPT 5,562.3413251903492,0.0,1174.0,1494.0,train
GPT 5,649.3816315762114,0.0,1205.0,1494.0,train
GPT 5,749.8942093324558,0.0,1236.0,1494.0,train
GPT 5,865.9643233600655,0.0,1267.0,1494.0,train
GPT 5,1000.0,0.0,1298.0,1494.0,train
GPT 5,1154.781984689458,0.0,1329.0,1494.0,holdout
GPT 5,1333.5214321633239,0.0,1360.0,1494.0,holdout
GPT 5,1539.926526059492,0.0,1391.0,1494.0,holdout
GPT 5,1778.2794100389228,0.0,1422.0,1494.0,holdout
GPT 5,2053.525026457146,0.0,1453.0,1494.0,holdout
GPT 5,2371.373705661655,0.0,1483.0,1494.0,holdout
GPT 5,2738.4196342643613,0.0,1514.0,1494.0,holdout
GPT 5,3162.277660168379,0.0,1545.0,1494.0,holdout
GPT 5,3651.7412725483773,0.0,1576.0,1494.0,holdout
GPT 5,4216.965034285822,0.0,1607.0,1494.0,holdout
GPT 5,4869.675251658631,0.0,1638.0,1494.0,holdout
GPT 5,4935.172687802044,0.0,1641.0,1494.0,holdout
