recipe,corpus,rows,distinct_seeds
v2019_gpt2,fineweb_edu,3,3
v2019_gpt2,openwebtext,3,3
v2019_gpt2,ultra_fineweb_en,4,3
v2020_gpt3,fineweb_edu,3,3
v2021_gptj,fineweb_edu,3,3
v2022_neox,fineweb_edu,3,3
v2023_llama,fineweb_edu,3,3
v2024_llama3,fineweb_edu,3,3
v2025_olmo2_control,c4_english,3,3
v2025_olmo2_control,falcon_refinedweb,3,3
v2025_olmo2_control,fineweb_edu,3,3
v2025_olmo2_control,olm_cc_2022,3,3
v2025_olmo2_control,openwebtext,4,3
v2025_olmo2_control,pile_original,3,3
v2025_olmo2_control,ultra_fineweb_en,6,3
