axis,selection,model,parameters,sse_log,n_nonreference,parameter_count,likelihood_parameter_count,aicc_descriptive,boundary_or_limit,holdout_rmse_log,annual_factor,fitted_ceiling_multiplier
data,all,constant,[],7.235691984751979,6,0,1,4.123599182032401,False,1.6266085398415446,,
data,all,exponential,[0.23723263797631147],2.114273453322808,6,1,2,1.7417105801948534,False,0.9566945421070964,1.2677360070119046,
data,all,shifted_power,"[23723.78631910096, 11.512925464642212]",2.114296038206183,6,2,3,11.741774672460819,True,0.9567039263036227,,
data,all,cost_floor,"[0.2372326380228976, 2.7241404684999724e-23]",2.1142734533228076,6,2,3,11.741710580194852,True,0.9566945408587455,,
data,exclude_extrapolated_crossings,constant,[],6.523406505199026,5,0,1,4.663127319268426,False,1.6266085398415446,,
data,exclude_extrapolated_crossings,exponential,[0.2675414965107288],0.2960811502965999,5,1,2,-4.132798091293727,False,0.49864016565627556,1.3067478541873707,
data,exclude_extrapolated_crossings,shifted_power,"[26754.805828392942, 11.512925464970227]",0.2960856191555294,5,2,3,15.867277374928968,True,0.791591909476536,,
data,exclude_extrapolated_crossings,cost_floor,"[0.26754149647743963, 1.5777218104420236e-30]",0.2960811502966,5,2,3,15.867201908706274,True,0.8777769151259657,,
recipe,all,constant,[],1.376128438286121,6,0,1,-5.83491235377163,False,0.5630031900950615,,
recipe,all,exponential,[0.09636256029992459],0.5311258227784701,6,1,2,-6.547094803914661,False,0.09401523401656603,1.101158227886483,
recipe,all,shifted_power,"[9636.487997692471, 11.51292546497016]",0.531126039260752,6,2,3,3.4529076416328373,True,0.24850960681239234,,
recipe,all,cost_floor,"[0.09636256029439036, 6.215319156137473e-15]",0.5311258227784701,6,2,3,3.4529051960853394,True,0.29867042530118615,,
recipe,exclude_extrapolated_crossings,constant,[],1.2854641613857067,5,0,1,-3.458256887782805,False,0.5630031900950615,,
recipe,exclude_extrapolated_crossings,exponential,[0.11795497884932808],0.14456724448738126,5,1,2,-7.717242161678822,False,0.34623391364793926,1.1251934527230256,
recipe,exclude_extrapolated_crossings,shifted_power,"[0.13098273150164183, -2.673104966245226]",0.012776150899093699,5,2,3,0.15193515282150827,False,0.049183171424428185,,
recipe,exclude_extrapolated_crossings,cost_floor,"[1.1175416505119466, 0.5709123361962425]",0.007673448138311746,5,2,3,-2.397135576750891,False,0.037765920782405364,,1.7515823999575744
