axis,selection,floor_fraction,slope,sse_log
data,all,0.0,0.23723263797631067,2.114273453322808
data,all,1e-05,0.23723704492516973,2.1142838766321557
data,all,1.1352484006382066e-05,0.23723772019972972,2.1142852864135158
data,all,1.288788931151606e-05,0.23723850890820025,2.1142868868833777
data,all,1.4630955728500847e-05,0.237239432433463,2.114288703840187
data,all,1.660976909058899e-05,0.23724051664815862,2.114290766575803
data,all,1.8856213795061072e-05,0.2372384560701377,2.114293108240844
data,all,2.1406486552935174e-05,0.23723996250663631,2.114295766508401
data,all,2.430167962250293e-05,0.23724174545261467,2.1142987843901313
data,all,2.758844292426855e-05,0.23724332581868196,2.114302210556794
data,all,3.131973570587432e-05,0.23724477083881845,2.114306100171784
data,all,3.5555679868505156e-05,0.237246411097875,2.1143105159217663
data,all,4.036452870432456e-05,0.23724827293130155,2.114315528986095
data,all,4.5823766654099435e-05,0.23725038621663447,2.114321220176932
data,all,5.202135780528477e-05,0.23725278485048573,2.1143276812437604
data,all,5.905716324747742e-05,0.23725550729267011,2.114335016354844
data,all,6.704455012292836e-05,0.23725859718933545,2.1143433437796824
data,all,7.611221829856234e-05,0.23726210409033313,2.11435279779983
data,all,8.640627409246911e-05,0.23726608428165172,2.1143635308792104
data,all,9.809258446858187e-05,0.23727060175988965,2.1143757161293224
data,all,0.00011135944963242587,0.23727572938719285,2.114389550109609
data,all,0.0001264206370911624,0.23728155027884557,2.1144052560088307
data,all,0.0001435188260654054,0.2372887250870354,2.114423087278708
data,all,0.00016292951775222445,0.23729638338410244,2.114443331677488
data,all,0.00018496547444496708,0.23730509809998052,2.1144663160223196
data,all,0.00020998175903693596,0.23731501793112195,2.1144924114447163
data,all,0.00023838145610987886,0.2373263133002464,2.1145220394340245
data,all,0.0002706221667905468,0.2373391797328389,2.1145556786963504
data,all,0.0003072233820262143,0.2373505049507059,2.1145938726840514
data,all,0.0003487748530839205,0.23736722091070198,2.114637239193002
data,all,0.00039594609414634626,0.23738612956487953,2.1146864798231984
data,all,0.00044949717011858435,0.23740690031466244,2.1147423915414456
data,all,0.0005102909434685228,0.23743048332587421,2.114805879838586
data,all,0.0005793069774328019,0.23745725977152915,2.11487797365897
data,all,0.0006576573196091421,0.23748766260465082,2.1149598423324267
data,all,0.0007466044202542885,0.2375221836333313,2.115052814915363
data,all,0.0008475814740030965,0.23756138158304807,2.1151584022505387
data,all,0.0009622155127725889,0.23760589129621157,2.1152783221431535
data,all,0.0010923536219443536,0.23765643424849775,2.1154145281134453
data,all,0.0012400927022436796,0.23771383060326806,2.115569242259579
data,all,0.0014078132568652489,0.23777901307910013,2.1157449928514787
data,all,0.0015982177482535386,0.2378530429839779,2.1159446573793015
data,all,0.0018143741425764276,0.2379371288787714,2.1161715119028286
data,all,0.002059765343519207,0.23803264849156486,2.11642928769463
data,all,0.0023383453119201858,0.23814117473458815,2.1167222363459057
data,all,0.002654602775497239,0.23826450700957158,2.117055204716426
data,all,0.0030136335552129853,0.2384047094731122,2.1174337213681236
data,all,0.003421222673665174,0.23856415863370212,2.117864096437919
data,all,0.003883937568505558,0.23874560365116046,2.1183535372966613
data,all,0.00440923391282458,0.23895224411782007,2.118910282834739
data,all,0.005005575747573846,0.23918449516820386,2.1195437595374225
data,all,0.005682571861706604,0.23945183122855732,2.1202647637811114
data,all,0.006451130617514098,0.23975464486163223,2.12108567603107
data,all,0.007323635715841046,0.24009917468687644,2.1220207108991236
data,all,0.008314145733265395,0.24049127302568024,2.123086213704615
data,all,0.00943862064636251,0.24093807617308316,2.124301011070673
data,all,0.010715178993013795,0.24144673794886112,2.125686828333022
data,all,0.012164389814371034,0.24202638957313985,2.1272687886959347
data,all,0.013809604081504407,0.24268727754858482,2.129076013433846
data,all,0.015677330946974728,0.24344122554673603,2.1311423476418048
data,all,0.01779766488382892,0.24430190506778143,2.133507243182481
data,all,0.020204770594461557,0.2452851601105841,2.136216839856821
data,all,0.02293743350262435,0.2464093985194704,2.139325298428891
data,all,0.02603968469859951,0.24769606608012817,2.1428964561511545
data,all,0.029561510407208273,0.24917022386569848,2.147005898593412
data,all,0.033559657410232896,0.25085791807338415,2.1517435733123365
data,all,0.03809854740093303,0.25280039854470665,2.1572171148110435
data,all,0.043251315003548126,0.25503517416598276,2.1635561121378406
data,all,0.04910098618327728,0.2576107027910771,2.170917634191387
data,all,0.05574181603432422,0.2605847334220597,2.179493452659282
data,all,0.06328080750163571,0.2640264161478284,2.189519573031926
data,all,0.07183943550732616,0.26801895894266536,2.201288932721872
data,all,0.08155560426244363,0.2726663091565629,2.215168479151639
data,all,0.09258586930202163,0.2780912671592703,2.2316223517298885
data,all,0.10510796004681809,0.28444274440382655,2.2512436087568704
data,all,0.11932364353749475,0.2919074093970689,2.2747979553260516
data,all,0.1354619754842644,0.3007102059059788,2.3032842886378195
data,all,0.15378299101580312,0.31113883748985116,2.338018602046
data,all,0.17458189459605017,0.3235349191781877,2.3807496809312783
data,all,0.19819381662055394,0.3383224357439275,2.4338164259974655
data,all,0.22499921333486586,0.35600330992749346,2.5003559362837295
data,all,0.25542999708326114,0.377184239241895,2.584565637756096
data,all,0.2899764956637946,0.4025557638361856,2.6920075418011455
data,all,0.32919535292499463,0.43291842617702536,2.8299156997756616
data,all,0.37371849790563016,0.4691985306259076,3.007435374652739
data,all,0.4242633270362796,0.5125587552139683,3.235706104465594
data,all,0.4816442634673808,0.564621862845851,3.5277291882559463
data,all,0.546785879777911,0.6279996181182025,3.8980366936517905
data,all,0.6207377955094283,0.70744064716441,4.362260707932946
data,all,0.7046915895677647,0.8129569556164763,4.936735131206277
data,all,0.8,9.999995957333327,5.654524838571307
data,exclude_extrapolated_crossings,0.0,0.2675414965107292,0.2960811502965999
data,exclude_extrapolated_crossings,1e-05,0.2675475605635964,0.29608426793660736
data,exclude_extrapolated_crossings,1.1352484006382066e-05,0.26754846483419714,0.29608468962617
data,exclude_extrapolated_crossings,1.288788931151606e-05,0.2675495148979474,0.29608516836338217
data,exclude_extrapolated_crossings,1.4630955728500847e-05,0.2675507369060062,0.29608571187134247
data,exclude_extrapolated_crossings,1.660976909058899e-05,0.2675521622532671,0.29608632892186804
data,exclude_extrapolated_crossings,1.8856213795061072e-05,0.2675504914159017,0.2960870293096025
data,exclude_extrapolated_crossings,2.1406486552935174e-05,0.26755244455123944,0.2960878243783811
data,exclude_extrapolated_crossings,2.430167962250293e-05,0.26755473938686336,0.2960887270606824
data,exclude_extrapolated_crossings,2.758844292426855e-05,0.267556667371469,0.2960897519195511
data,exclude_extrapolated_crossings,3.131973570587432e-05,0.26755871867175773,0.2960909154236776
data,exclude_extrapolated_crossings,3.5555679868505156e-05,0.26756104718905566,0.2960922363327309
data,exclude_extrapolated_crossings,4.036452870432456e-05,0.26756369033976024,0.29609373594785393
data,exclude_extrapolated_crossings,4.5823766654099435e-05,0.2675666905808156,0.29609543845471026
data,exclude_extrapolated_crossings,5.202135780528477e-05,0.2675700960910563,0.2960973713146455
data,exclude_extrapolated_crossings,5.905716324747742e-05,0.2675739615490772,0.29609956570904816
data,exclude_extrapolated_crossings,6.704455012292836e-05,0.26757834902484207,0.29610205704419806
data,exclude_extrapolated_crossings,7.611221829856234e-05,0.26758332900726595,0.2961048855248873
data,exclude_extrapolated_crossings,8.640627409246911e-05,0.26758898159719546,0.2961080968062654
data,exclude_extrapolated_crossings,9.809258446858187e-05,0.2675953979056577,0.29611174273466473
data,exclude_extrapolated_crossings,0.00011135944963242587,0.26760268171213164,0.29611588218968715
data,exclude_extrapolated_crossings,0.0001264206370911624,0.2676109514589094,0.2961205820415407
data,exclude_extrapolated_crossings,0.0001435188260654054,0.26762034268819784,0.2961259182396139
data,exclude_extrapolated_crossings,0.00016292951775222445,0.2676310110713494,0.2961319770505437
data,exclude_extrapolated_crossings,0.00018496547444496708,0.2676438487662025,0.2961388564956784
data,exclude_extrapolated_crossings,0.00020998175903693596,0.2676577868591889,0.2961466678580748
data,exclude_extrapolated_crossings,0.00023838145610987886,0.2676736370199295,0.2961555376340139
data,exclude_extrapolated_crossings,0.0002706221667905468,0.26769166541291306,0.2961656095365066
data,exclude_extrapolated_crossings,0.0003072233820262143,0.2677121762843683,0.29617704688108076
data,exclude_extrapolated_crossings,0.0003487748530839205,0.26773218036667557,0.2961900350530192
data,exclude_extrapolated_crossings,0.00039594609414634626,0.2677587507200492,0.29620478518168597
data,exclude_extrapolated_crossings,0.00044949717011858435,0.2677889241952519,0.29622153718352173
data,exclude_extrapolated_crossings,0.0005102909434685228,0.2678224220974339,0.2962405637686435
data,exclude_extrapolated_crossings,0.0005793069774328019,0.26786046008935677,0.2962621750888589
data,exclude_extrapolated_crossings,0.0006576573196091421,0.2679036549325749,0.2962867240315429
data,exclude_extrapolated_crossings,0.0007466044202542885,0.2679527076021426,0.2963146121700701
data,exclude_extrapolated_crossings,0.0008475814740030965,0.268008414928484,0.2963462966270918
data,exclude_extrapolated_crossings,0.0009622155127725889,0.2680716829064077,0.2963822979473265
data,exclude_extrapolated_crossings,0.0010923536219443536,0.268143541937206,0.29642320914025283
data,exclude_extrapolated_crossings,0.0012400927022436796,0.2682251643267144,0.2964697060818323
data,exclude_extrapolated_crossings,0.0014078132568652489,0.2683178844378429,0.29652255949918294
data,exclude_extrapolated_crossings,0.0015982177482535386,0.26842322199825575,0.29658264880433327
data,exclude_extrapolated_crossings,0.0018143741425764276,0.2685429092069505,0.2966509780948018
data,exclude_extrapolated_crossings,0.002059765343519207,0.2686789224832912,0.2967286947020528
data,exclude_extrapolated_crossings,0.0023383453119201858,0.2688335199882181,0.29681711074710637
data,exclude_extrapolated_crossings,0.002654602775497239,0.26900928645621214,0.2969177282597919
data,exclude_extrapolated_crossings,0.0030136335552129853,0.26920918746522954,0.2970322685400642
data,exclude_extrapolated_crossings,0.003421222673665174,0.26943663611536567,0.2971627065946066
data,exclude_extrapolated_crossings,0.003883937568505558,0.2696955762909488,0.2973113116825573
data,exclude_extrapolated_crossings,0.00440923391282458,0.26998996128629293,0.2974806951221426
data,exclude_extrapolated_crossings,0.005005575747573846,0.2703233205225251,0.29767386695267534
data,exclude_extrapolated_crossings,0.005682571861706604,0.2707040484783265,0.297894304321771
data,exclude_extrapolated_crossings,0.006451130617514098,0.27113757447371534,0.29814603174884896
data,exclude_extrapolated_crossings,0.007323635715841046,0.2716314174279912,0.29843371929599166
data,exclude_extrapolated_crossings,0.008314145733265395,0.27219422113564046,0.29876280076202505
data,exclude_extrapolated_crossings,0.00943862064636251,0.27283593596265643,0.29913961780445586
data,exclude_extrapolated_crossings,0.010715178993013795,0.27356803235182575,0.29957159664166
data,exclude_extrapolated_crossings,0.012164389814371034,0.27440375171928505,0.3000674661666115
data,exclude_extrapolated_crossings,0.013809604081504407,0.27536081965835596,0.300637528647125
data,exclude_extrapolated_crossings,0.015677330946974728,0.27645395432781444,0.30129400032311066
data,exclude_extrapolated_crossings,0.01779766488382892,0.2777055719673287,0.3020514387006916
data,exclude_extrapolated_crossings,0.020204770594461557,0.27914037174873135,0.30292728866377466
data,exclude_extrapolated_crossings,0.02293743350262435,0.28078737164551504,0.3039425825656679
data,exclude_extrapolated_crossings,0.02603968469859951,0.2826809112483834,0.30512284750608404
data,exclude_extrapolated_crossings,0.029561510407208273,0.28486178176620025,0.3064992923059282
data,exclude_extrapolated_crossings,0.033559657410232896,0.2873787336609087,0.30811037638784833
data,exclude_extrapolated_crossings,0.03809854740093303,0.29029374853994333,0.3100039056632149
data,exclude_extrapolated_crossings,0.043251315003548126,0.2936722041764426,0.31223986703013923
data,exclude_extrapolated_crossings,0.04910098618327728,0.297604702325424,0.31489430438451904
data,exclude_extrapolated_crossings,0.05574181603432422,0.3021980321875979,0.31806469422598216
data,exclude_extrapolated_crossings,0.06328080750163571,0.3075860243341917,0.32187750201110205
data,exclude_extrapolated_crossings,0.07183943550732616,0.31393733605045476,0.32649896370549625
data,exclude_extrapolated_crossings,0.08155560426244363,0.32146720469995965,0.33215071318193445
data,exclude_extrapolated_crossings,0.09258586930202163,0.33045414065807227,0.33913281211774915
data,exclude_extrapolated_crossings,0.10510796004681809,0.3412642848611981,0.34785827955735044
data,exclude_extrapolated_crossings,0.11932364353749475,0.3543874933815917,0.3589057809457332
data,exclude_extrapolated_crossings,0.1354619754842644,0.3704929307741578,0.3731014227119012
data,exclude_extrapolated_crossings,0.15378299101580312,0.39050620734483743,0.39164773548246246
data,exclude_extrapolated_crossings,0.17458189459605017,0.4157389907270717,0.41632952860351025
data,exclude_extrapolated_crossings,0.19819381662055394,0.44808282801497534,0.44984400239642236
data,exclude_extrapolated_crossings,0.22499921333486586,0.49030979843052425,0.4963254771976622
data,exclude_extrapolated_crossings,0.25542999708326114,0.5464415718946655,0.5621513097986236
data,exclude_extrapolated_crossings,0.2899764956637946,0.6220459376676611,0.657076233566948
data,exclude_extrapolated_crossings,0.32919535292499463,0.7234414549491441,0.7954970989064698
data,exclude_extrapolated_crossings,0.37371849790563016,0.8538276084289643,0.9968785495668564
data,exclude_extrapolated_crossings,0.4242633270362796,1.0095165422402073,1.2833467941200574
data,exclude_extrapolated_crossings,0.4816442634673808,1.190081952336067,1.6745185413443489
data,exclude_extrapolated_crossings,0.546785879777911,1.4199112973752552,2.184488247347805
data,exclude_extrapolated_crossings,0.6207377955094283,1.7987556782699328,2.8228704385753076
data,exclude_extrapolated_crossings,0.7046915895677647,3.53555041620121,3.596328936184058
data,exclude_extrapolated_crossings,0.8,9.99999564455569,4.515793358248944
recipe,all,0.0,0.09636256029992474,0.5311258227784701
recipe,all,1e-05,0.09636379329891175,0.5311258634448647
recipe,all,1.1352484006382066e-05,0.09636396124419493,0.5311258689450656
recipe,all,1.288788931151606e-05,0.09636415224537827,0.5311258751892004
recipe,all,1.4630955728500847e-05,0.09636436951921465,0.5311258822778976
recipe,all,1.660976909058899e-05,0.09636461674585665,0.5311258903253988
recipe,all,1.8856213795061072e-05,0.09636489813969831,0.5311258994614025
recipe,all,2.1406486552935174e-05,0.09636521853210779,0.5311259098331572
recipe,all,2.430167962250293e-05,0.09636558346837848,0.5311259216078352
recipe,all,2.758844292426855e-05,0.09636599932161251,0.5311259349752359
recipe,all,3.131973570587432e-05,0.09636647342700513,0.5311259501508487
recipe,all,3.5555679868505156e-05,0.09636701424061057,0.5311259673793399
recipe,all,4.036452870432456e-05,0.09636763152778019,0.5311259869385146
recipe,all,4.5823766654099435e-05,0.0963683365875291,0.5311260091438207
recipe,all,5.202135780528477e-05,0.09636914252066983,0.531126034353479
recipe,all,5.905716324747742e-05,0.09637006455139462,0.5311260629743294
recipe,all,6.704455012292836e-05,0.0963711204143094,0.5311260954685005
recipe,all,7.611221829856234e-05,0.09637233082191324,0.5311261323610424
recipe,all,8.640627409246911e-05,0.09637372003116303,0.5311261742486889
recipe,all,9.809258446858187e-05,0.0963753165323862,0.5311262218099556
recipe,all,0.00011135944963242587,0.09637715388959671,0.531126275816865
recipe,all,0.0001264206370911624,0.09637927176848951,0.5311263371486744
recipe,all,0.0001435188260654054,0.0963817171974103,0.5311264068081436
recipe,all,0.00016292951775222445,0.09638121135489558,0.5311264857282996
recipe,all,0.00018496547444496708,0.0963844905319445,0.531126575297304
recipe,all,0.00020998175903693596,0.09638829298992388,0.5311266770636502
recipe,all,0.00023838145610987886,0.0963917734715909,0.5311267926632537
recipe,all,0.0002706221667905468,0.0963957246051853,0.5311269239145361
recipe,all,0.0003072233820262143,0.09640020997278045,0.5311270729392816
recipe,all,0.0003487748530839205,0.09640530171717929,0.5311272421476634
recipe,all,0.00039594609414634626,0.09641108168405788,0.5311274342776636
recipe,all,0.00044949717011858435,0.09641764271406834,0.5311276524399378
recipe,all,0.0005102909434685228,0.09642509010531213,0.5311279001689078
recipe,all,0.0005793069774328019,0.09643354327059192,0.5311281814809645
recipe,all,0.0006576573196091421,0.09644313762002994,0.5311285009408028
recipe,all,0.0007466044202542885,0.09645528143473968,0.5311288638569726
recipe,all,0.0008475814740030965,0.09646801065887037,0.5311292759670263
recipe,all,0.0009622155127725889,0.09647918069757634,0.5311297439236783
recipe,all,0.0010923536219443536,0.09649571655404719,0.5311302753532664
recipe,all,0.0012400927022436796,0.09651457780294968,0.5311308790797681
recipe,all,0.0014078132568652489,0.09653536041067108,0.5311315649954603
recipe,all,0.0015982177482535386,0.09655877684681634,0.5311323442802527
recipe,all,0.0018143741425764276,0.09658537313841066,0.5311332297323951
recipe,all,0.002059765343519207,0.09661558293666084,0.5311342359344318
recipe,all,0.0023383453119201858,0.09664989953823436,0.5311353795062633
recipe,all,0.002654602775497239,0.09668888423213404,0.5311366793997384
recipe,all,0.0030136335552129853,0.09673317585954655,0.5311381572387058
recipe,all,0.003421222673665174,0.09678350178077859,0.5311398377123501
recipe,all,0.003883937568505558,0.09684069048336698,0.5311417490312148
recipe,all,0.00440923391282458,0.09690568611850393,0.5311439234572418
recipe,all,0.005005575747573846,0.09697956532618504,0.5311463979215985
recipe,all,0.005682571861706604,0.09706355681244402,0.531149214747057
recipe,all,0.006451130617514098,0.09715906429224978,0.5311524224955106
recipe,all,0.007323635715841046,0.09726769363481669,0.5311560769659367
recipe,all,0.008314145733265395,0.09739128538594781,0.531160242374105
recipe,all,0.00943862064636251,0.09753195436024145,0.531164992752736
recipe,all,0.010715178993013795,0.09769213879630696,0.5311704136200838
recipe,all,0.012164389814371034,0.09787799759325022,0.5311766038039016
recipe,all,0.013809604081504407,0.09808615257545913,0.5311836783562537
recipe,all,0.015677330946974728,0.09832380616517064,0.5311917710877683
recipe,all,0.01779766488382892,0.09859403997542664,0.5312010380670684
recipe,all,0.020204770594461557,0.09890384038966114,0.531211662460731
recipe,all,0.02293743350262435,0.09925792128727291,0.531223859507997
recipe,all,0.02603968469859951,0.09966299438973775,0.5312378836551515
recipe,all,0.029561510407208273,0.10012690570330583,0.5312540370708214
recipe,all,0.033559657410232896,0.10065886333854938,0.5312726805733559
recipe,all,0.03809854740093303,0.10126972217537816,0.5312942476547581
recipe,all,0.043251315003548126,0.10197234286390236,0.5313192626648316
recipe,all,0.04910098618327728,0.10278204899090822,0.5313483646513961
recipe,all,0.05574181603432422,0.10371721517236998,0.5313823389896193
recipe,all,0.06328080750163571,0.10480003155089926,0.5314221598881359
recipe,all,0.07183943550732616,0.10605750855205015,0.5314690483144984
recipe,all,0.08155560426244363,0.10752281285076905,0.5315245521395111
recipe,all,0.09258586930202163,0.1092343367686262,0.5315906583133542
recipe,all,0.10510796004681809,0.11124623949086972,0.5316699551365734
recipe,all,0.11932364353749475,0.11362302362189113,0.5317658669679529
recipe,all,0.1354619754842644,0.11644856942057852,0.5318830069136887
recipe,all,0.15378299101580312,0.11983320632739411,0.5320277165545313
recipe,all,0.17458189459605017,0.12392466670790632,0.5322089173160154
recipe,all,0.19819381662055394,0.12892543371957135,0.5324394978141924
recipe,all,0.22499921333486586,0.13512076632751424,0.5327386614106959
recipe,all,0.25542999708326114,0.14292596817204534,0.5331360768903792
recipe,all,0.2899764956637946,0.15297038671244445,0.533679607284806
recipe,all,0.32919535292499463,0.16625693461367846,0.5344506199703297
recipe,all,0.37371849790563016,0.18448677643890338,0.5355966738843597
recipe,all,0.4242633270362796,0.21079328566256536,0.5374080121710111
recipe,all,0.4816442634673808,0.2516673764678792,0.5405178190817759
recipe,all,0.546785879777911,0.3230689941472346,0.5464987152356837
recipe,all,0.6207377955094283,0.4795423295413068,0.559790792555885
recipe,all,0.7046915895677647,2.7667484648590537,0.5804191483390797
recipe,all,0.8,9.999995536000919,0.6996478512324082
recipe,exclude_extrapolated_crossings,0.0,0.11795497884932782,0.1445672444873813
recipe,exclude_extrapolated_crossings,1e-05,0.1179566824183956,0.1445665976685657
recipe,exclude_extrapolated_crossings,1.1352484006382066e-05,0.11795691411759879,0.14456651018605568
recipe,exclude_extrapolated_crossings,1.288788931151606e-05,0.11795717752710258,0.14456641087130154
recipe,exclude_extrapolated_crossings,1.4630955728500847e-05,0.11795747704331634,0.1445662981239044
recipe,exclude_extrapolated_crossings,1.660976909058899e-05,0.11795781768824727,0.14456617012698242
recipe,exclude_extrapolated_crossings,1.8856213795061072e-05,0.11795820520304265,0.14456602481788536
recipe,exclude_extrapolated_crossings,2.1406486552935174e-05,0.11795864615670622,0.14456585985494244
recipe,exclude_extrapolated_crossings,2.430167962250293e-05,0.11795914807282824,0.1445656725797128
recipe,exclude_extrapolated_crossings,2.758844292426855e-05,0.11795971957766714,0.1445654599741258
recipe,exclude_extrapolated_crossings,3.131973570587432e-05,0.11796037057368657,0.14456521861182062
recipe,exclude_extrapolated_crossings,3.5555679868505156e-05,0.117961112443526,0.1445649446029014
recipe,exclude_extrapolated_crossings,4.036452870432456e-05,0.11796195829050231,0.14456463353121543
recipe,exclude_extrapolated_crossings,4.5823766654099435e-05,0.11796292322309825,0.1445642803831429
recipe,exclude_extrapolated_crossings,5.202135780528477e-05,0.1179640246926372,0.1445638794667562
recipe,exclude_extrapolated_crossings,5.905716324747742e-05,0.11796528289544876,0.14456342432004435
recipe,exclude_extrapolated_crossings,6.704455012292836e-05,0.11796672125352986,0.14456290760673746
recipe,exclude_extrapolated_crossings,7.611221829856234e-05,0.11796836699103994,0.1445623209980661
recipe,exclude_extrapolated_crossings,8.640627409246911e-05,0.11797025182813141,0.14456165503858565
recipe,exclude_extrapolated_crossings,9.809258446858187e-05,0.11797241281886092,0.14456089899396
recipe,exclude_extrapolated_crossings,0.00011135944963242587,0.117974893366441,0.14456004067835457
recipe,exclude_extrapolated_crossings,0.0001264206370911624,0.11797774445726372,0.14455906625883544
recipe,exclude_extrapolated_crossings,0.0001435188260654054,0.11797769108201801,0.14455796000864682
recipe,exclude_extrapolated_crossings,0.00016292951775222445,0.1179814744077906,0.1445567038893207
recipe,exclude_extrapolated_crossings,0.00018496547444496708,0.11798584353235753,0.14455527784583097
recipe,exclude_extrapolated_crossings,0.00020998175903693596,0.11799058116834217,0.1445536589076468
recipe,exclude_extrapolated_crossings,0.00023838145610987886,0.11799539695433045,0.14455182090490273
recipe,exclude_extrapolated_crossings,0.0002706221667905468,0.11800086409509966,0.1445497341491679
recipe,exclude_extrapolated_crossings,0.0003072233820262143,0.11800707063391858,0.14454736494901485
recipe,exclude_extrapolated_crossings,0.0003487748530839205,0.11801411648710632,0.14454467504243518
recipe,exclude_extrapolated_crossings,0.00039594609414634626,0.1180221150354966,0.14454162097466555
recipe,exclude_extrapolated_crossings,0.00044949717011858435,0.11803119492789736,0.14453815339070455
recipe,exclude_extrapolated_crossings,0.0005102909434685228,0.11804150212654739,0.1445342162306486
recipe,exclude_extrapolated_crossings,0.0005793069774328019,0.11805320223099075,0.14452974581426814
recipe,exclude_extrapolated_crossings,0.0006576573196091421,0.11806648312630036,0.14452466979928796
recipe,exclude_extrapolated_crossings,0.0007466044202542885,0.11808155801635267,0.14451890599556844
recipe,exclude_extrapolated_crossings,0.0008475814740030965,0.11809866892597602,0.14451236101476667
recipe,exclude_extrapolated_crossings,0.0009622155127725889,0.11811809079302935,0.1445049287320267
recipe,exclude_extrapolated_crossings,0.0010923536219443536,0.11814013633159627,0.14449648853270375
recipe,exclude_extrapolated_crossings,0.0012400927022436796,0.11816502826556567,0.14448690332358594
recipe,exclude_extrapolated_crossings,0.0014078132568652489,0.1181941160025245,0.1444760171740177
recipe,exclude_extrapolated_crossings,0.0015982177482535386,0.11822653384109015,0.14446365289904423
recipe,exclude_extrapolated_crossings,0.0018143741425764276,0.11826335751497348,0.14444960887000904
recipe,exclude_extrapolated_crossings,0.002059765343519207,0.11830518898511715,0.14443365572682265
recipe,exclude_extrapolated_crossings,0.0023383453119201858,0.11835271335625537,0.14441553245644723
recipe,exclude_extrapolated_crossings,0.002654602775497239,0.11840671062058067,0.1443949419274305
recipe,exclude_extrapolated_crossings,0.0030136335552129853,0.1184680691403891,0.14437154576636752
recipe,exclude_extrapolated_crossings,0.003421222673665174,0.1185378011557578,0.14434495847125473
recipe,exclude_extrapolated_crossings,0.003883937568505558,0.1186170606627849,0.14431474063768163
recipe,exclude_extrapolated_crossings,0.00440923391282458,0.11870716408576952,0.14428039115072255
recipe,exclude_extrapolated_crossings,0.005005575747573846,0.11880961427109506,0.14424133816724344
recipe,exclude_extrapolated_crossings,0.005682571861706604,0.11892612847457766,0.14419692867878828
recipe,exclude_extrapolated_crossings,0.006451130617514098,0.11905867121763837,0.1441464164025645
recipe,exclude_extrapolated_crossings,0.007323635715841046,0.11920949318190287,0.14408894769501449
recipe,exclude_extrapolated_crossings,0.008314145733265395,0.11938117774573649,0.14402354511610743
recipe,exclude_extrapolated_crossings,0.00943862064636251,0.11957669741519562,0.14394908818880192
recipe,exclude_extrapolated_crossings,0.010715178993013795,0.11979948338271947,0.14386429079194274
recipe,exclude_extrapolated_crossings,0.012164389814371034,0.12005351293823067,0.14376767448958408
recipe,exclude_extrapolated_crossings,0.013809604081504407,0.12034675684701912,0.1436575369213471
recipe,exclude_extrapolated_crossings,0.015677330946974728,0.12067465131448939,0.1435319142217945
recipe,exclude_extrapolated_crossings,0.01779766488382892,0.12105364768535676,0.14338853600412524
recipe,exclude_extrapolated_crossings,0.020204770594461557,0.12148479905830746,0.14322477158109712
recipe,exclude_extrapolated_crossings,0.02293743350262435,0.12198177999209729,0.1430375628610459
recipe,exclude_extrapolated_crossings,0.02603968469859951,0.12254744734478422,0.1428233462523794
recipe,exclude_extrapolated_crossings,0.029561510407208273,0.12319728638741079,0.14257795280903196
recipe,exclude_extrapolated_crossings,0.033559657410232896,0.12394376951879842,0.14229648662533062
recipe,exclude_extrapolated_crossings,0.03809854740093303,0.12480265940666535,0.14197317242983298
recipe,exclude_extrapolated_crossings,0.043251315003548126,0.12579284924726084,0.14160116309055984
recipe,exclude_extrapolated_crossings,0.04910098618327728,0.12693699958335697,0.14117229422289435
recipe,exclude_extrapolated_crossings,0.05574181603432422,0.12826251278303427,0.14067676773114557
recipe,exclude_extrapolated_crossings,0.06328080750163571,0.12980281829938395,0.14010273865926237
recipe,exclude_extrapolated_crossings,0.07183943550732616,0.13160014348881205,0.13943576857996845
recipe,exclude_extrapolated_crossings,0.08155560426244363,0.1337026042729655,0.13865809112451907
recipe,exclude_extrapolated_crossings,0.09258586930202163,0.1361779959805938,0.13774761059637655
recipe,exclude_extrapolated_crossings,0.10510796004681809,0.13910458742338414,0.1366765080713996
recipe,exclude_extrapolated_crossings,0.11932364353749475,0.1425946966916925,0.1354092661187225
recipe,exclude_extrapolated_crossings,0.1354619754842644,0.146786718579385,0.1338997993782615
recipe,exclude_extrapolated_crossings,0.15378299101580312,0.15187338273913709,0.13208717814197085
recipe,exclude_extrapolated_crossings,0.17458189459605017,0.158121776880626,0.12988905578391935
recipe,exclude_extrapolated_crossings,0.19819381662055394,0.16591670984187373,0.12719119746716884
recipe,exclude_extrapolated_crossings,0.22499921333486586,0.17582993805321534,0.1238300646701728
recipe,exclude_extrapolated_crossings,0.25542999708326114,0.18876715598495045,0.11956228915354486
recipe,exclude_extrapolated_crossings,0.2899764956637946,0.20624600647105742,0.11400751803887152
recipe,exclude_extrapolated_crossings,0.32919535292499463,0.23106944712897765,0.10653183387017258
recipe,exclude_extrapolated_crossings,0.37371849790563016,0.2691711909178299,0.09598065775986038
recipe,exclude_extrapolated_crossings,0.4242633270362796,0.3363280180464151,0.07995758996425334
recipe,exclude_extrapolated_crossings,0.4816442634673808,0.49764716953347227,0.05250477150846071
recipe,exclude_extrapolated_crossings,0.546785879777911,0.9411452041923775,0.012377952630944638
recipe,exclude_extrapolated_crossings,0.6207377955094283,1.5288477320866776,0.028851460113693925
recipe,exclude_extrapolated_crossings,0.7046915895677647,2.934648374307813,0.15659191401388659
recipe,exclude_extrapolated_crossings,0.8,9.999995534126606,0.4248112103937073
