record,source_date,accepted_proxy_date,lag_days,basis
21,2025-05-24,2025-05-24,0,source_date_no_merged_pr
22,2025-05-24,2025-05-24,0,source_date_no_merged_pr
23,2025-05-25,2025-05-25,0,source_date_no_merged_pr
24,2025-05-30,2025-05-30,0,source_date_no_merged_pr
25,2025-07-13,2025-07-13,0,source_date_no_merged_pr
26,2025-07-13,2025-07-13,0,source_date_no_merged_pr
27,2025-07-18,2025-10-15,89,github_merged_at
28,2025-08-23,2025-10-15,53,github_merged_at
29,2025-09-03,2025-10-15,42,github_merged_at
30,2025-09-05,2025-10-15,40,github_merged_at
31,2025-09-10,2025-10-15,35,github_merged_at
32,2025-09-11,2025-10-15,34,github_merged_at
33,2025-09-15,2025-10-15,30,github_merged_at
34,2025-09-18,2025-10-15,27,github_merged_at
35,2025-09-21,2025-10-15,24,github_merged_at
36,2025-09-23,2025-10-15,22,github_merged_at
37,2025-09-27,2025-10-15,18,github_merged_at
38,2025-09-29,2025-10-15,16,github_merged_at
39,2025-09-30,2025-10-15,15,github_merged_at
40,2025-10-04,2025-10-15,11,github_merged_at
41,2025-10-24,2025-10-29,5,github_merged_at
42,2025-10-27,2025-11-06,10,github_merged_at
43,2025-11-10,2025-11-14,4,github_merged_at
44,2025-11-16,2025-11-16,0,github_merged_at
45,2025-11-18,2025-11-23,5,github_merged_at
46,2025-11-29,2025-12-09,10,github_merged_at
47,2025-12-10,2025-12-11,1,github_merged_at
48,2025-12-11,2025-12-14,3,github_merged_at
49,2025-12-14,2025-12-16,2,github_merged_at
50,2025-12-18,2025-12-20,2,github_merged_at
51,2025-12-19,2025-12-22,3,github_merged_at
52,2025-12-21,2025-12-24,3,github_merged_at
53,2025-12-22,2025-12-25,3,github_merged_at
54,2025-12-26,2025-12-27,1,github_merged_at
55,2025-12-29,2025-12-29,0,github_merged_at
56,2025-12-31,2026-01-03,3,github_merged_at
57,2026-01-04,2026-01-05,1,github_merged_at
58,2026-01-07,2026-01-07,0,github_merged_at
59,2026-01-10,2026-01-12,2,github_merged_at
60,2026-01-16,2026-01-18,2,github_merged_at
61,2026-01-18,2026-01-19,1,github_merged_at
62,2026-01-19,2026-01-20,1,github_merged_at
63,2026-01-26,2026-01-29,3,github_merged_at
64,2026-01-30,2026-01-31,1,github_merged_at
65,2026-01-30,2026-01-31,1,github_merged_at
66,2026-01-31,2026-01-31,0,source_date_no_merged_pr
67,2026-01-31,2026-02-09,9,github_merged_at
68,2026-01-31,2026-02-11,11,github_merged_at
69,2026-02-02,2026-02-16,14,github_merged_at
70,2026-02-03,2026-02-16,13,github_merged_at
71,2026-02-06,2026-02-16,10,github_merged_at
72,2026-02-10,2026-02-16,6,github_merged_at
73,2026-02-12,2026-02-23,11,github_merged_at
74,2026-02-16,2026-02-23,7,github_merged_at
75,2026-02-23,2026-03-06,11,github_merged_at
76,2026-02-28,2026-03-07,7,github_merged_at
77,2026-03-06,2026-03-08,2,github_merged_at
78,2026-03-22,2026-03-29,7,github_merged_at
79,2026-04-04,2026-04-17,13,github_merged_at
80,2026-04-08,2026-04-19,11,github_merged_at
81,2026-04-22,2026-05-24,32,github_merged_at
82,2026-04-29,2026-05-24,25,github_merged_at
83,2026-05-20,2026-06-05,16,github_merged_at
84,2026-05-21,2026-06-19,29,github_merged_at
85,2026-05-27,2026-07-26,60,github_merged_at
86,2026-05-27,2026-07-26,60,github_merged_at
87,2026-06-11,2026-08-02,52,github_merged_at
88,2026-07-13,2026-08-02,20,github_merged_at
89,2026-07-17,2026-08-02,16,github_merged_at
90,2026-08-03,2026-09-18,46,github_merged_at
91,2026-08-06,2026-09-18,43,github_merged_at
92,2026-08-30,2026-09-28,29,github_merged_at
