series,cutoff,model,train_n,holdout_n,train_log_rmse,holdout_log_rmse,final_observed_seconds,final_predicted_seconds,optimizer_success,bound_hits
accepted_frontier,2025-12-31,exponential,20,26,0.03050890868518852,0.21332816942526275,39.900000000000006,76.02801771344868,True,[]
accepted_frontier,2025-12-31,shifted_power,20,26,0.03051443973586836,0.21342920810948882,39.900000000000006,76.0541317707599,True,[1]
accepted_frontier,2025-12-31,exponential_floor,20,26,0.03050890868528761,0.21332815852978118,39.900000000000006,76.02801568100097,True,[]
accepted_frontier,2026-03-31,exponential,37,9,0.07437149699154846,0.14851166263125645,39.900000000000006,54.94325834999217,True,[]
accepted_frontier,2026-03-31,shifted_power,37,9,0.07439363796300734,0.14846476948407789,39.900000000000006,54.96667003258183,True,[1]
accepted_frontier,2026-03-31,exponential_floor,37,9,0.07437149699241091,0.14851166366138793,39.900000000000006,54.94325802425977,True,[]
accepted_frontier,2026-06-30,exponential,42,4,0.07195074585843159,0.21060815606448696,39.900000000000006,56.96036638469399,True,[]
accepted_frontier,2026-06-30,shifted_power,42,4,0.07196266957226859,0.21063411634442591,39.900000000000006,56.97746190191075,True,[1]
accepted_frontier,2026-06-30,exponential_floor,42,4,0.07195074585862356,0.21060815589739873,39.900000000000006,56.96036623948769,True,[]
accepted_frontier,full,exponential,46,0,0.09263141342135899,,39.900000000000006,56.78346187957967,True,[]
accepted_frontier,full,shifted_power,46,0,0.09264441695936643,,39.900000000000006,56.793972883705386,True,[1]
accepted_frontier,full,exponential_floor,46,0,0.09263141342156082,,39.900000000000006,56.78346116762621,True,[]
source_date_frontier,2025-12-31,exponential,34,32,0.03532817488791265,0.20981391426315552,39.900000000000006,75.59369634907766,True,[]
source_date_frontier,2025-12-31,shifted_power,34,32,0.035337104552824905,0.2099178982992532,39.900000000000006,75.61798493176057,True,[1]
source_date_frontier,2025-12-31,exponential_floor,34,32,0.0353281748882764,0.2098139144670254,39.900000000000006,75.59369638190067,True,[]
source_date_frontier,2026-03-31,exponential,53,13,0.07024206861350309,0.12868009004129394,39.900000000000006,55.12290116792352,True,[]
source_date_frontier,2026-03-31,shifted_power,53,13,0.07026444797381841,0.12860862498909004,39.900000000000006,55.14579919729591,True,[2]
source_date_frontier,2026-03-31,exponential_floor,53,13,0.07024206861377795,0.1286800879686503,39.900000000000006,55.12290162790632,True,[]
source_date_frontier,2026-06-30,exponential,61,5,0.06716500513515798,0.1922331069084922,39.900000000000006,57.03028236313368,True,[]
source_date_frontier,2026-06-30,shifted_power,61,5,0.06717721264582599,0.19223759974711083,39.900000000000006,57.04543357423559,True,[2]
source_date_frontier,2026-06-30,exponential_floor,61,5,0.06716500513656419,0.19223310742397468,39.900000000000006,57.030281775369126,True,[]
source_date_frontier,full,exponential,66,0,0.08344834398904824,,39.900000000000006,57.32259843544886,True,[]
source_date_frontier,full,shifted_power,66,0,0.0834590854625685,,39.900000000000006,57.3327916879918,True,[2]
source_date_frontier,full,exponential_floor,66,0,0.08344834398909456,,39.900000000000006,57.322598262825956,True,[0]
accepted_monthly,2025-12-31,exponential,8,9,0.06699542041572111,0.2617047262803185,39.900000000000006,74.32470727132117,True,[]
accepted_monthly,2025-12-31,shifted_power,8,9,0.06700557496947537,0.2618840537016479,39.900000000000006,74.35422099399175,True,[1]
accepted_monthly,2025-12-31,exponential_floor,8,9,0.06699542041652679,0.26170475104349883,39.900000000000006,74.32471049448503,True,[]
accepted_monthly,2026-03-31,exponential,11,6,0.08609416307586076,0.18740639521871805,39.900000000000006,53.444213495554486,True,[]
accepted_monthly,2026-03-31,shifted_power,11,6,0.08611917816539805,0.18734408314976886,39.900000000000006,53.46799178329548,True,[2]
accepted_monthly,2026-03-31,exponential_floor,11,6,0.08609416307643973,0.1874063985242264,39.900000000000006,53.444212739241365,True,[]
accepted_monthly,2026-06-30,exponential,14,3,0.08240877678465533,0.2474716834883436,39.900000000000006,58.18027251657252,True,[]
accepted_monthly,2026-06-30,shifted_power,14,3,0.08241316783769388,0.24753043347675546,39.900000000000006,58.19410706230795,True,[1]
accepted_monthly,2026-06-30,exponential_floor,14,3,0.08240877678702409,0.2474716832435225,39.900000000000006,58.180272411553794,True,[]
accepted_monthly,full,exponential,17,0,0.1272303887427206,,39.900000000000006,56.60630871096893,True,[]
accepted_monthly,full,shifted_power,17,0,0.12724689616742216,,39.900000000000006,56.614213868515414,True,[1]
accepted_monthly,full,exponential_floor,17,0,0.12723038874501416,,39.900000000000006,56.60630855453847,True,[]
accepted_without_final_record,2025-12-31,exponential,20,25,0.03050890868518852,0.1752210606072606,67.55999999999999,77.39419624249604,True,[]
accepted_without_final_record,2025-12-31,shifted_power,20,25,0.03051443973586836,0.1752984488582058,67.55999999999999,77.41934127289542,True,[1]
accepted_without_final_record,2025-12-31,exponential_floor,20,25,0.03050890868528761,0.17522105074616956,67.55999999999999,77.39419423939881,True,[]
accepted_without_final_record,2026-03-31,exponential,37,8,0.07437149699154846,0.10962985211662175,67.55999999999999,56.40539393553774,True,[]
accepted_without_final_record,2026-03-31,shifted_power,37,8,0.07439363796300734,0.10940265819131939,67.55999999999999,56.427990856901005,True,[1]
accepted_without_final_record,2026-03-31,exponential_floor,37,8,0.07437149699241091,0.10962985584913575,67.55999999999999,56.405393612789446,True,[]
accepted_without_final_record,2026-06-30,exponential,42,3,0.07195074585843159,0.1300023920551608,67.55999999999999,58.410133419075905,True,[]
accepted_without_final_record,2026-06-30,shifted_power,42,3,0.07196266957226859,0.12978426957498035,67.55999999999999,58.4264358405702,True,[1]
accepted_without_final_record,2026-06-30,exponential_floor,42,3,0.07195074585862356,0.13000239402107422,67.55999999999999,58.410133278222546,True,[]
accepted_without_final_record,full,exponential,45,0,0.07455265903916597,,67.55999999999999,61.52857614498328,True,[]
accepted_without_final_record,full,shifted_power,45,0,0.0743734912414571,,67.55999999999999,62.35441355849692,True,[]
accepted_without_final_record,full,exponential_floor,45,0,0.07392069034324096,,67.55999999999999,63.35143535058091,True,[]
accepted_final_40_6_s,2025-12-31,exponential,20,26,0.03050890868518852,0.21132442009526728,40.6,76.02801771344868,True,[]
accepted_final_40_6_s,2025-12-31,shifted_power,20,26,0.03051443973586836,0.2114253298344929,40.6,76.0541317707599,True,[1]
accepted_final_40_6_s,2025-12-31,exponential_floor,20,26,0.03050890868528761,0.21132440918109482,40.6,76.02801568100097,True,[]
accepted_final_40_6_s,2026-03-31,exponential,37,9,0.07437149699154846,0.14440521817265214,40.6,54.94325834999217,True,[]
accepted_final_40_6_s,2026-03-31,shifted_power,37,9,0.07439363796300734,0.14435128817084888,40.6,54.96667003258183,True,[1]
accepted_final_40_6_s,2026-03-31,exponential_floor,37,9,0.07437149699241091,0.14440521931141234,40.6,54.94325802425977,True,[]
accepted_final_40_6_s,2026-06-30,exponential,42,4,0.07195074585843159,0.20331222964884388,40.6,56.96036638469399,True,[]
accepted_final_40_6_s,2026-06-30,shifted_power,42,4,0.07196266957226859,0.20333270467740455,40.6,56.97746190191075,True,[1]
accepted_final_40_6_s,2026-06-30,exponential_floor,42,4,0.07195074585862356,0.20331222953027664,40.6,56.96036623948769,True,[]
accepted_final_40_6_s,full,exponential,46,0,0.09121082745944122,,40.6,56.920744916112426,True,[]
accepted_final_40_6_s,full,shifted_power,46,0,0.09122326872427315,,40.6,56.93121717321468,True,[1]
accepted_final_40_6_s,full,exponential_floor,46,0,0.09121082745949652,,40.6,56.92074516629952,True,[]
