floor_fraction_of_latest_cost,floor_seconds,sse,log_rmse,fitted_decay_per_year,sse_minus_best_profile
0,0.0,0.3947066226121824,0.09263141342135911,0.9235882391634096,0.0
0.05,1.9950000000000003,0.39657415188894285,0.09285029464130427,0.9414817023965621,0.0018675292767604268
0.1,3.9900000000000007,0.3986485036161186,0.09309281292206027,0.9599962253446007,0.003941881003936165
0.2,7.980000000000001,0.4034977324026531,0.09365729995489025,0.9989960872732614,0.008791109790470653
0.3,11.97,0.4094346117052594,0.09434379909869649,1.0408127699059226,0.014727989093076987
0.4,15.960000000000003,0.41667621852298226,0.09517446434597408,1.0856859136396697,0.021969595910799833
0.5,19.950000000000003,0.42548354074140515,0.09617506012491257,1.1338685021841641,0.03077691812922273
0.6,23.94,0.4361695845740894,0.09737529199309788,1.1856245153253229,0.04146296196190696
0.7,27.930000000000003,0.44910833681139384,0.09880903153705722,1.2412259219403692,0.054401714199211415
0.8,31.920000000000005,0.46474431802283356,0.10051436389055282,1.3009496579263629,0.07003769541065114
0.9,35.910000000000004,0.4836022783949655,0.10253337509604474,1.36507554138664,0.08889565578278308
0.95,37.905,0.49442770876804887,0.1036746278096976,1.3988771865756389,0.09972108615586645
0.99,39.501000000000005,0.5038348701784476,0.10465625619331621,1.426785543023493,0.10912824756626521
