date,seconds,record
2025-05-24,179.4,22
2025-05-25,178.74,23
2025-05-30,177.96,24
2025-07-13,171.78,26
2025-07-18,169.02,27
2025-08-23,168.72,28
2025-09-03,163.85999999999999,29
2025-09-05,163.02,30
2025-09-10,159.36,31
2025-09-11,157.5,32
2025-09-15,153.9,33
2025-09-18,152.82000000000002,34
2025-09-21,151.62,35
2025-09-23,149.70000000000002,36
2025-09-27,148.98000000000002,37
2025-09-29,148.56,38
2025-09-30,146.82,39
2025-10-04,141.48000000000002,40
2025-10-24,140.70000000000002,41
2025-10-27,138.78,42
2025-11-10,137.04,43
2025-11-16,136.14000000000001,44
2025-11-18,134.88000000000002,45
2025-11-29,132.17999999999998,46
2025-12-10,131.58,47
2025-12-11,130.2,48
2025-12-14,128.76,49
2025-12-18,127.68,50
2025-12-19,124.50000000000001,51
2025-12-21,122.22,52
2025-12-22,119.28,53
2025-12-26,116.39999999999999,54
2025-12-29,115.08,55
2025-12-31,113.64,56
2026-01-04,112.67999999999999,57
2026-01-07,109.2,58
2026-01-10,106.86,59
2026-01-16,105.89999999999999,60
2026-01-18,104.88,61
2026-01-19,99.3,62
2026-01-26,99.0,63
2026-01-30,96.78,65
2026-01-31,92.1,68
2026-02-02,91.68,69
2026-02-03,91.25999999999999,70
2026-02-06,90.96000000000001,71
2026-02-10,89.76,72
2026-02-12,89.10000000000001,73
2026-02-16,88.08,74
2026-02-23,87.18,75
2026-02-28,86.75999999999999,76
2026-03-06,86.10000000000001,77
2026-03-22,85.56,78
2026-04-04,84.66,79
2026-04-08,84.36,80
2026-04-22,81.78,81
2026-04-29,81.17999999999999,82
2026-05-20,79.68,83
2026-05-21,79.2,84
2026-05-27,75.96000000000001,86
2026-06-11,75.36,87
2026-07-13,74.58000000000001,88
2026-07-17,73.8,89
2026-08-03,67.8,90
2026-08-06,67.55999999999999,91
2026-08-30,39.900000000000006,92
