P,D,C,P_opt,D_opt,C_opt,log10_training_gain,parameter_reduction,data_multiplier
10000000000000.0,10000000.0,6e+20,2314747.2807235112,70838280.30290194,983836300213632.8,5.785228407875281,4320126.038499693,7.083828030290194
10000000000000.0,1000000000.0,6e+22,284613200.76288277,6873668966.653554,1.173802155350259e+19,3.708556347748375,35135.404728929665,6.873668966653554
10000000000000.0,100000000000.0,6e+24,30627858639.318012,587581282602.3817,1.079781387759295e+23,1.744815413137565,326.50013563673247,5.875812826023817
10000000000000.0,10000000000000.0,6e+26,1825870694268.075,28645812023752.914,3.13821292126095e+26,0.2814688441500386,5.47683909457161,2.8645812023752915
10000000000000.0,1000000000000000.0,6e+28,22634815503890.754,313739706950377.6,4.26086422983993e+28,0.14865355452413087,0.4417972834053397,0.3137397069503776
100000000000000.0,10000000.0,6e+21,2324026.206112949,71108243.90302356,991544533807788.5,6.781839025687363,43028774.69151048,7.110824390302356
100000000000000.0,1000000000.0,6e+23,290767260.47174823,7014907039.041303,1.2238231813236136e+19,4.690432575157938,343917.6743549375,7.014907039041303
100000000000000.0,100000000000.0,6e+25,34208758969.287895,652718126720.2997,1.3397206243115905e+23,2.6511370072201452,2923.22793965658,6.527181267202997
100000000000000.0,10000000000000.0,6e+27,2977006228333.7305,45595679484451.91,8.144317308619309e+26,0.8672965646274665,33.59079300817295,4.55956794844519
100000000000000.0,1000000000000000.0,6e+29,87548766622925.14,1135362758842101.5,5.963976552373655e+29,0.0026153230464748957,1.1422205458439254,1.1353627588421016
1000000000000000.0,10000000.0,6e+22,2328208.3072321936,71229901.74878319,995028293849099.9,7.780315820202913,429514832.02498055,7.122990174878319
1000000000000000.0,1000000000.0,6e+24,293588518.42207044,7079606661.913986,1.2470947385294082e+19,5.682251803434621,3406127.751094047,7.079606661913986
1000000000000000.0,100000000000.0,6e+26,36000783165.09878,685187058158.9298,1.4800362424986933e+23,3.6078789000397165,27777.17349686596,6.851870581589298
1000000000000000.0,10000000000000.0,6e+28,3821709304968.125,57818084927986.5,1.32578347898834e+27,1.655678647550755,261.66302044481125,5.78180849279865
1000000000000000.0,1000000000000000.0,6e+30,216135343880647.1,2681005865500589.5,3.4767607481160107e+30,0.23697644447117505,4.62673055709118,2.6810058655005893
