method,proxy,s,p,stop_flops,stop_fraction,exact_1e120_threshold_flops,marginal_at_stop_over_1e_minus_120,forecast_anchor
vision_OLS_all,aggregate_AI_compute_3.4x,0.5303451476133485,0.43336802971307853,3.0234246943531113e+119,0.3023424694353111,4.3336802971307855e+119,1.4333680297130784,normalized current; stationary power shape
vision_OLS_all,frontier_training_compute_5x,0.5303451476133485,0.32952196758634755,2.478499608280796e+119,0.24784996082807959,3.295219675863475e+119,1.3295219675863477,normalized current; stationary power shape
vision_OLS_all,historically_overlapping_notable_training_compute_4.1x,0.5303451476133485,0.3758682096254786,2.731862012625415e+119,0.2731862012625415,3.758682096254786e+119,1.3758682096254786,normalized current; stationary power shape
vision_OLS_first3,aggregate_AI_compute_3.4x,0.4903329546120733,0.40067233083943876,2.860571469983357e+119,0.2860571469983357,4.006723308394388e+119,1.4006723308394387,normalized current; stationary power shape
vision_OLS_first3,frontier_training_compute_5x,0.4903329546120733,0.3046609942663137,2.335173624452858e+119,0.23351736244528581,3.046609942663137e+119,1.3046609942663137,normalized current; stationary power shape
vision_OLS_first3,historically_overlapping_notable_training_compute_4.1x,0.4903329546120733,0.34751061756631096,2.5789081958696326e+119,0.25789081958696325,3.475106175663109e+119,1.347510617566311,normalized current; stationary power shape
vision_OLS_last3,aggregate_AI_compute_3.4x,0.40592740042593606,0.3317008904876272,2.4908062527927622e+119,0.24908062527927624,3.317008904876272e+119,1.3317008904876273,normalized current; stationary power shape
vision_OLS_last3,frontier_training_compute_5x,0.40592740042593606,0.2522168747796023,2.0141628807229895e+119,0.20141628807229897,2.522168747796023e+119,1.2522168747796023,normalized current; stationary power shape
vision_OLS_last3,historically_overlapping_notable_training_compute_4.1x,0.40592740042593606,0.2876903954389666,2.2341581210667842e+119,0.22341581210667844,2.8769039543896657e+119,1.2876903954389665,normalized current; stationary power shape
vision_Theil_Sen_all,aggregate_AI_compute_3.4x,0.5445904530039972,0.4450084867957694,3.0796254199347466e+119,0.30796254199347467,4.4500848679576936e+119,1.4450084867957693,normalized current; stationary power shape
vision_Theil_Sen_all,frontier_training_compute_5x,0.5445904530039972,0.338373073479028,2.5282417898579324e+119,0.25282417898579324,3.38373073479028e+119,1.338373073479028,normalized current; stationary power shape
vision_Theil_Sen_all,historically_overlapping_notable_training_compute_4.1x,0.5445904530039972,0.3859641960917392,2.7848063981747443e+119,0.27848063981747445,3.859641960917392e+119,1.3859641960917393,normalized current; stationary power shape
LM_nonlinear_OLS,aggregate_AI_compute_3.4x,0.9327548422690106,0.7621944501963429,4.325257352339406e+119,0.4325257352339406,7.621944501963429e+119,1.762194450196343,normalized current; stationary power shape
LM_nonlinear_OLS,frontier_training_compute_5x,0.9327548422690106,0.5795531688813768,3.669095667680565e+119,0.3669095667680565,5.795531688813768e+119,1.5795531688813766,normalized current; stationary power shape
LM_nonlinear_OLS,historically_overlapping_notable_training_compute_4.1x,0.9327548422690106,0.6610655233877066,3.979767890429018e+119,0.3979767890429018,6.610655233877067e+119,1.6610655233877067,normalized current; stationary power shape
LM_nonlinear_soft_L1,aggregate_AI_compute_3.4x,0.9208932147211586,0.7525017996974442,4.2938717656515825e+119,0.4293871765651583,7.525017996974442e+119,1.7525017996974444,normalized current; stationary power shape
LM_nonlinear_soft_L1,frontier_training_compute_5x,0.9208932147211586,0.5721831253051617,3.639417801244372e+119,0.36394178012443723,5.721831253051617e+119,1.5721831253051617,normalized current; stationary power shape
LM_nonlinear_soft_L1,historically_overlapping_notable_training_compute_4.1x,0.9208932147211586,0.6526589060561084,3.949144639976607e+119,0.3949144639976607,6.526589060561084e+119,1.6526589060561085,normalized current; stationary power shape
LM_nonlinear_post2017,aggregate_AI_compute_3.4x,0.754760755758995,0.6167477596429264,3.81474324590461e+119,0.381474324590461,6.1674775964292635e+119,1.6167477596429265,normalized current; stationary power shape
LM_nonlinear_post2017,frontier_training_compute_5x,0.754760755758995,0.4689592247876784,3.1924591021609954e+119,0.31924591021609955,4.689592247876784e+119,1.4689592247876784,normalized current; stationary power shape
LM_nonlinear_post2017,historically_overlapping_notable_training_compute_4.1x,0.754760755758995,0.5349168842957588,3.48498925100551e+119,0.348498925100551,5.349168842957588e+119,1.5349168842957588,normalized current; stationary power shape
LM_nonlinear_pre2020_training_only,aggregate_AI_compute_3.4x,1.4060698785366714,1.1489607016157566,5.346587774973633e+119,0.5346587774973633,1.1489607016157565e+120,2.1489607016157564,normalized current; stationary power shape
LM_nonlinear_pre2020_training_only,frontier_training_compute_5x,1.4060698785366714,0.8736403359668241,4.662796371300438e+119,0.46627963713004383,8.73640335966824e+119,1.873640335966824,normalized current; stationary power shape
LM_nonlinear_pre2020_training_only,historically_overlapping_notable_training_compute_4.1x,1.4060698785366714,0.9965151377970125,4.9912726376649644e+119,0.49912726376649647,9.965151377970125e+119,1.9965151377970125,normalized current; stationary power shape
vision_best_fitted_floor_last_observation_2019,aggregate_AI_compute_3.4x,0.5450705549392942,0.44540079891684264,5.620074375170937e+91,5.620074375170937e-29,5.620074375170937e+91,1,2019-05-28
vision_best_fitted_floor_last_observation_2019,frontier_training_compute_5x,0.5450705549392942,0.3386713775835777,6.10096068855459e+96,6.100960688554591e-24,6.100960688554791e+96,1,2019-05-28
vision_best_fitted_floor_last_observation_2019,historically_overlapping_notable_training_compute_4.1x,0.5450705549392942,0.38630445574277944,2.77961175525055e+94,2.77961175525055e-26,2.77961175525055e+94,1,2019-05-28
vision_best_fitted_floor_projected_current_2026,aggregate_AI_compute_3.4x,0.5450705549392942,0.44540079891684264,1.982353649834834e+90,1.982353649834834e-30,1.982353649834834e+90,1,2026-09-12
vision_best_fitted_floor_projected_current_2026,frontier_training_compute_5x,0.5450705549392942,0.3386713775835777,1.9221674975540225e+95,1.9221674975540226e-25,1.9221674975540225e+95,1,2026-09-12
vision_best_fitted_floor_projected_current_2026,historically_overlapping_notable_training_compute_4.1x,0.5450705549392942,0.38630445574277944,9.229950835925612e+92,9.229950835925612e-28,9.229950835925309e+92,1,2026-09-12
