system,Reference,date,param,data,ppl,benchmark,time,logN,logD,loss
$\infty$-former (SM),$\infty$-former: Infinite Memory Transformer,2021-09-01,117000000.0,4260000000.0,16.61,0,9.66735112936345,2.4595888418037104,8.357024439263416,2.8100049236252036
LBL,A Fast and Simple Algorithm for Training Neural Probabilistic Language Models,2012-06-27,2000000.0,929000.0,159.1,2,0.487337440109514,-1.6094379124341003,-0.07364654016829848,5.069532935343741
2nd order FOFE-FNNLM,A Fixed-Size Encoding Method for Variable-Length Sequences with its Application to Neural Network Language Models,2015-05-06,6000000.0,929000.0,108.0,2,3.3429158110882957,-0.5108256237659907,-0.07364654016829848,4.68213122712422
TSLM+MoS (WT2),A Generalized Language Model in Tensor Space,2019-01-31,9120000.0,2080000.0,81.0,1,7.082819986310746,-0.09211528890780563,0.7323678937132266,4.394449154672439
TSLM+MoS (PTB),A Generalized Language Model in Tensor Space,2019-01-31,2630000.0,929000.0,83.6,2,7.082819986310746,-1.3356012468043725,-0.07364654016829848,4.426043520090656
NMM(LSTM+RNN),A Neural Network Approach for Mixing Language Models,2017-08-23,5180000.0,929000.0,102.0,2,5.642710472279261,-0.657780036722654,-0.07364654016829848,4.624972813284271
NMST+GPT-2,A Non-monotonic Self-terminating Language Model,2022-10-03,124000000.0,4100000000.0,20.69,0,10.754277891854894,2.517696472610991,8.318742252692399,3.029650491757452
Tensorized Transformer (151M),A Tensorized Transformer for Language Modeling,2019-06-24,151000000.0,103000000.0,18.8,0,7.477070499657769,2.714694743820879,4.634728988229636,2.9338568698359038
Tensorized Transformer (core-2),A Tensorized Transformer for Language Modeling,2019-06-24,85300000.0,103000000.0,18.9,0,7.477070499657769,2.1435893615035875,4.634728988229636,2.9391619220655967
Tensorized Transformer (257M),A Tensorized Transformer for Language Modeling,2019-06-24,257000000.0,103000000.0,21.2,0,7.477070499657769,3.246490991901174,4.634728988229636,3.054001181677967
Tensorized Transformer (large PTB),A Tensorized Transformer for Language Modeling,2019-06-24,24000000.0,929000.0,52.7,2,7.477070499657769,0.8754687373538999,-0.07364654016829848,3.9646154555473165
Tensorized Transformer (small),A Tensorized Transformer for Language Modeling,2019-06-24,12000000.0,929000.0,57.9,2,7.477070499657769,0.1823215567939546,-0.07364654016829848,4.05871738457895
"Variational (untied weights, MC) LSTM (Large)",A Theoretically Grounded Application of Dropout in Recurrent Neural Networks,2015-12-16,66000000.0,888000.0,73.4,2,3.9561943874058865,1.8870696490323797,-0.11878353598996698,4.29592393562047
Transformer-XL+WN+AdamP,AdamP: Slowing Down the Slowdown for Momentum Optimizers on Scale-invariant Weights,2020-06-15,257000000.0,103000000.0,22.77,0,8.454483230663929,3.246490991901174,4.634728988229636,3.125443880075648
Transformer-XL+AdamP,AdamP: Slowing Down the Slowdown for Momentum Optimizers on Scale-invariant Weights,2020-06-15,257000000.0,206000000.0,23.26,0,8.454483230663929,3.246490991901174,5.327876168789581,3.1467351470905185
Transformer (Adaptive Input Embeddings),Adaptive Input Representations for Neural Language Modeling,2018-09-28,247000000.0,103000000.0,18.7,0,6.740588637919234,3.2068032436339315,4.634728988229636,2.928523523860541
Transformer+Recurrent Windows of Context,Adding Recurrence to Pretrained Transformers for Improved Efficiency and Context Size,2020-08-16,124000000.0,4100000000.0,26.73,0,8.624229979466119,2.517696472610991,8.318742252692399,3.2857865301508276
Feedback Transformer,Addressing Some Limitations of Transformers with Feedback Memory,2020-02-21,126000000.0,103000000.0,18.3,0,8.139630390143736,2.533696813957432,4.634728988229636,2.9069010598473755
RNN (SGD+CLR) (PTB),Advances in Optimizing Recurrent Networks,2012-12-04,2050000.0,929000.0,128.35,2,0.9253935660506503,-1.584745299843729,-0.07364654016829848,4.854760907317149
4 layer QRNN (h=2500),An Analysis of Neural Language Modeling at Multiple Scales,2018-03-22,26000000.0,103000000.0,33.0,0,6.220396988364135,0.9555114450274363,4.634728988229636,3.4965075614664802
LSTM (2018),An Empirical Evaluation of Generic Convolutional and Recurrent Networks for Sequence Modeling,2018-03-04,13000000.0,929000.0,78.93,2,6.1711156741957565,0.26236426446749106,-0.07364654016829848,4.368561383720311
Search-Proven Best LSTM,An Empirical Exploration of Recurrent Network Architectures,2015-07-06,20000000.0,929000.0,79.83,2,3.509924709103354,0.6931471805599453,-0.07364654016829848,4.379899373657707
All-attention network + adaptive span,Augmenting Self-attention with Persistent Memory,2019-07-02,133000000.0,103000000.0,20.6,0,7.498973305954825,2.5877640352277083,4.634728988229636,3.0252910757955354
Transformer-XL + AutoDropout (WT2),AutoDropout: Learning Dropout Patterns to Regularize Deep Networks,2021-01-05,35000000.0,2080000.0,59.9,1,9.013004791238878,1.252762968495368,0.7323678937132266,4.092676505121403
Transformer-XL + AutoDropout (PTB),AutoDropout: Learning Dropout Patterns to Regularize Deep Networks,2021-01-05,24000000.0,929000.0,54.9,2,9.013004791238878,0.8754687373538999,-0.07364654016829848,4.005513348515485
AWD-LSTM+Behaviorial-Gating,Behavior Gated Language Models,2019-08-31,27000000.0,929000.0,56.92,2,7.663244353182751,0.9932517730102834,-0.07364654016829848,4.041646773221651
LSTM-Large+Behaviorial-Gating,Behavior Gated Language Models,2019-08-31,67000000.0,929000.0,75.8,2,7.663244353182751,1.9021075263969205,-0.07364654016829848,4.328098292648326
LSTM-Medium+Behaviorial-Gating,Behavior Gated Language Models,2019-08-31,20000000.0,929000.0,78.75,2,7.663244353182751,0.6931471805599453,-0.07364654016829848,4.366278277705742
"Segatron-XL large, M=384 + HCP",Better Language Model with Hypernym Class Prediction,2022-03-21,257000000.0,103000000.0,17.0,0,10.217659137577002,3.246490991901174,4.634728988229636,2.833213344056216
"Segatron -XL base, M=150 + HCP",Better Language Model with Hypernym Class Prediction,2022-03-21,151000000.0,103000000.0,22.1,0,10.217659137577002,2.714694743820879,4.634728988229636,3.095577608523707
Transformer Large + HCP,Better Language Model with Hypernym Class Prediction,2022-03-21,257000000.0,103000000.0,25.3,0,10.217659137577002,3.246490991901174,4.634728988229636,3.2308043957334744
BLOOM-7.1B,BigScience Language Open-science Open-access Multilingual (BLOOM) Language Model,2022-07-05,7070000000.0,350000000000.0,14.72,1,10.507871321013004,6.561030665896573,12.765688433465597,2.6892071133007303
BLOOM-3B,BigScience Language Open-science Open-access Multilingual (BLOOM) Language Model,2022-07-05,3000000000.0,350000000000.0,17.57,1,10.507871321013004,5.703782474656201,12.765688433465597,2.866192902199006
BLOOM-1.7B,BigScience Language Open-science Open-access Multilingual (BLOOM) Language Model,2022-07-05,1720000000.0,350000000000.0,20.17,1,10.507871321013004,5.147494476813453,12.765688433465597,3.0041963519661206
aLSTM(depth-2)+RecurrentPolicy (WT2),Breaking the Activation Function Bottleneck through Adaptive Parameterization,2018-05-22,32000000.0,2080000.0,64.5,1,6.3874058863791925,1.1631508098056809,0.7323678937132266,4.1666652238017265
aLSTM(depth-2)+RecurrentPolicy (PTB),Breaking the Activation Function Bottleneck through Adaptive Parameterization,2018-05-22,24000000.0,929000.0,55.3,2,6.3874058863791925,0.8754687373538999,-0.07364654016829848,4.012772908528289
"AWD-LSTM-MoS + dynamic evaluation (WT2, 2017)",Breaking the Softmax Bottleneck: A High-Rank RNN Language Model,2017-11-10,35000000.0,2080000.0,40.68,1,5.859000684462697,1.252762968495368,0.7323678937132266,3.7057365711803594
"AWD-LSTM-MoS + dynamic evaluation (PTB, 2017)",Breaking the Softmax Bottleneck: A High-Rank RNN Language Model,2017-11-10,22000000.0,929000.0,47.69,2,5.859000684462697,0.7884573603642703,-0.07364654016829848,3.864721732310133
CODA,Cascaded Head-colliding Attention,2021-05-31,247000000.0,103000000.0,18.48,0,9.412731006160165,3.2068032436339315,4.634728988229636,2.916689066213538
RNN + char3-MS-vec,Character n-Gram Embeddings to Improve RNN Language Models,2019-07-16,175000000.0,103000000.0,31.81,0,7.537303216974675,2.8622008809294686,4.634728988229636,3.4597807057610526
RNN + char2-MS-vec,Character n-Gram Embeddings to Improve RNN Language Models,2019-07-15,158000000.0,103000000.0,31.92,0,7.534565366187543,2.760009940032921,4.634728988229636,3.463232772581608
RNN Baseline,Character n-Gram Embeddings to Improve RNN Language Models,2019-07-14,153000000.0,103000000.0,32.19,0,7.531827515400411,2.72785282839839,4.634728988229636,3.4716558453107167
LSTM-Char-Large,Character-Aware Neural Language Models,2015-08-26,19000000.0,929000.0,78.9,2,3.649555099247091,0.6418538861723947,-0.07364654016829848,4.368181227851829
Mogrifier RLSTM (WT2),Circling Back to Recurrent Models of Language,2022-11-03,35000000.0,2080000.0,38.0,1,10.839151266255989,1.252762968495368,0.7323678937132266,3.6375861597263857
Mogrifier RLSTM (PTB),Circling Back to Recurrent Models of Language,2022-11-03,24000000.0,929000.0,42.9,2,10.839151266255989,0.8754687373538999,-0.07364654016829848,3.758871825933971
Transformer + GFM,"Compressing Transformers: Features Are Low-Rank, but Weights Are Not",2022-12-01,185000000.0,103000000.0,20.05,0,10.915811088295689,2.917770732084279,4.634728988229636,2.998229153752578
RNN+LDA+KN5+cache,Context dependent recurrent neural network language model,2012-12-01,9000000.0,929000.0,92.0,2,0.917180013689254,-0.10536051565782628,-0.07364654016829848,4.5217885770490405
RNN+LDA,Context dependent recurrent neural network language model,2012-12-01,7000000.0,929000.0,113.7,2,0.917180013689254,-0.35667494393873245,-0.07364654016829848,4.73356340075649
RNN,Context dependent recurrent neural network language model,2012-12-01,6000000.0,929000.0,124.7,2,0.917180013689254,-0.5108256237659907,-0.07364654016829848,4.825910852685991
CT-MoS + DynamicEval (WT2),Contextual Temperature for Language Modeling,2020-12-25,45000000.0,2080000.0,40.96,1,8.982888432580424,1.5040773967762742,0.7323678937132266,3.7125959807312525
CT-MoS (WT2),Contextual Temperature for Language Modeling,2020-12-25,45000000.0,2080000.0,62.21,1,8.982888432580424,1.5040773967762742,0.7323678937132266,4.130515758526928
CT-MoS + DynamicEval (PTB),Contextual Temperature for Language Modeling,2020-12-25,24000000.0,929000.0,47.42,2,8.982888432580424,0.8754687373538999,-0.07364654016829848,3.8590440806372595
CT-MoS (PTB),Contextual Temperature for Language Modeling,2020-12-25,24000000.0,929000.0,54.69,2,8.982888432580424,0.8754687373538999,-0.07364654016829848,4.001680877358681
RNNLM + Dynamic KL Regularization (WT2),Controlling Global Statistics in Recurrent Neural Network Text Generation,2018-01-01,87600000.0,2080000.0,86.8,1,6.0013689253935665,2.1701959049483,0.7323678937132266,4.463606621666305
RNNLM + Dynamic KL Regularization,Controlling Global Statistics in Recurrent Neural Network Text Generation,2018-01-01,27700000.0,929000.0,77.8,2,6.0013689253935665,1.0188473201992472,-0.07364654016829848,4.354141431184346
GPT2+CoreLM+Fine-Tuning,CoreLM: Coreference-aware Language Model Fine-Tuning,2021-11-04,132000000.0,4000000.0,29.51,0,9.842573579739904,2.580216829592325,1.3862943611198906,3.3847291889548483
GPT2+CoreLM+Fine-Tuning,CoreLM: Coreference-aware Language Model Fine-Tuning,2021-11-04,132000000.0,4000000.0,31.8,1,9.842573579739904,2.580216829592325,1.3862943611198906,3.459466289786131
"GPT-2 (1.5B, Curriculum Learning 45K)",Curriculum Learning: A Regularization Method for Efficient and Stable Billion-Scale GPT Model Pre-Training,2021-08-13,1500000000.0,157000000000.0,13.72,0,9.61533196440794,5.0106352940962555,11.964001084330445,2.6188546222977394
Transformer-XL DeFINE (141M),DeFINE: DEep Factorized INput Token Embeddings for Neural Sequence Modeling,2019-11-27,141000000.0,103000000.0,24.17,0,7.904175222450377,2.6461747973841225,4.634728988229636,3.1851121947153915
Transformer-XL DeFINE (107M),DeFINE: DEep Factorized INput Token Embeddings for Neural Sequence Modeling,2019-11-27,107000000.0,103000000.0,25.72,0,7.904175222450377,2.3702437414678603,4.634728988229636,3.2472688993694185
Adaptive LSTM + DeFINE,DeFINE: DEep Factorized INput Token Embeddings for Neural Sequence Modeling,2019-11-27,48700000.0,103000000.0,35.94,0,7.904175222450377,1.5830939370944985,4.634728988229636,3.581850881355413
AWD-LSTM + DeFINE,DeFINE: DEep Factorized INput Token Embeddings for Neural Sequence Modeling,2019-11-27,20000000.0,929000.0,54.2,2,7.904175222450377,0.6931471805599453,-0.07364654016829848,3.9926809084456005
DeLight,DeLighT: Deep and Light-weight Transformer,2020-08-03,99000000.0,103000000.0,24.14,0,8.588637919233403,2.2925347571405443,4.634728988229636,3.1838702156693857
"DEQ-Transformer (Medium, Adaptive Embedding)",Deep Equilibrium Models,2019-09-03,110000000.0,103000000.0,23.2,0,7.671457905544147,2.3978952727983707,4.634728988229636,3.1441522786722644
DEQ-TrellisNet,Deep Equilibrium Models,2019-09-03,110000000.0,103000000.0,57.1,2,7.671457905544147,2.3978952727983707,4.634728988229636,4.044804116661965
dense-IndRNN+dynamic eval,Deep Independently Recurrent Neural Network (IndRNN),2019-10-11,44100000.0,929000.0,49.95,2,7.775496235455168,1.4838746894587547,-0.07364654016829848,3.9110225050945626
AWD-LSTM-DRILL + dynamic evaluation† (WT2),Deep Residual Output Layers for Neural Language Generation,2019-05-14,34000000.0,2080000.0,42.0,1,7.364818617385352,1.2237754316221157,0.7323678937132266,3.7376696182833684
AWD-LSTM-DRILL + dynamic evaluation† (PTB),Deep Residual Output Layers for Neural Language Generation,2019-05-14,24000000.0,929000.0,49.4,2,7.364818617385352,0.8754687373538999,-0.07364654016829848,3.899950424193877
DiffQ Transformer (16L),Differentiable Model Compression via Pseudo Quantization Noise,2021-04-20,257000000.0,103000000.0,18.1,0,9.300479123887747,3.246490991901174,4.634728988229636,2.89591193827178
AWD-LSTM-DOC (fin) (37M),Direct Output Connection for a High-Rank Language Model,2018-08-30,37000000.0,2080000.0,58.03,1,6.661190965092403,1.308332819650179,0.7323678937132266,4.060960118202517
AWD-LSTM-DOC (fin) (23M),Direct Output Connection for a High-Rank Language Model,2018-08-30,23000000.0,2080000.0,52.38,2,6.661190965092403,0.8329091229351039,0.7323678937132266,3.958524839079566
4-gram + 8 DENN,Diverse Embedding Neural Network Language Models,2014-12-22,16100000.0,929000.0,109.32,2,2.973305954825462,0.4762341789963717,-0.07364654016829848,4.694279361059867
AWD-LSTM + dynamic eval (WT2),Dynamic Evaluation of Neural Sequence Models,2017-09-21,33000000.0,2080000.0,44.3,1,5.722108145106092,1.1939224684724346,0.7323678937132266,3.7909846770510898
LSTM + dynamic eval,Dynamic Evaluation of Neural Sequence Models,2017-09-21,50000000.0,929000.0,59.8,1,5.722108145106092,1.6094379124341003,-0.07364654016829848,4.091005660956586
AWD-LSTM + dynamic eval (PTB),Dynamic Evaluation of Neural Sequence Models,2017-09-21,24000000.0,929000.0,51.1,2,5.722108145106092,0.8754687373538999,-0.07364654016829848,3.933784497209659
Transformer-XL + RMS dynamic eval,Dynamic Evaluation of Transformer Language Models,2019-04-17,257000000.0,206000000.0,16.4,0,7.2908966461327855,3.246490991901174,5.327876168789581,2.797281334830153
ERNIE-Doc (247M),ERNIE-Doc: A Retrospective Long-Document Modeling Transformer,2020-12-31,247000000.0,103000000.0,16.8,0,8.999315537303216,3.2068032436339315,4.634728988229636,2.8213788864092133
ERNIE-Doc (151M),ERNIE-Doc: A Retrospective Long-Document Modeling Transformer,2020-12-31,151000000.0,103000000.0,21.0,0,8.999315537303216,2.714694743820879,4.634728988229636,3.044522437723423
EI-REHN-1200D,Early Improving Recurrent Elastic Highway Network,2017-08-14,12000000.0,929000.0,66.2,2,5.618069815195072,0.1823215567939546,-0.07364654016829848,4.192680462942962
EI-REHN-1000D,Early Improving Recurrent Elastic Highway Network,2017-08-14,19000000.0,929000.0,68.7,2,5.618069815195072,0.6418538861723947,-0.07364654016829848,4.229749199228304
Routing Transformer,Efficient Content-Based Sparse Attention with Routing Transformers,2020-03-12,79500000.0,103000000.0,15.8,0,8.19438740588638,2.0731719286662407,4.634728988229636,2.760009940032921
S4,Efficiently Modeling Long Sequences with Structured State Spaces,2021-10-31,249000000.0,103000000.0,20.95,0,9.831622176591376,3.214867803470662,4.634728988229636,3.0421386463681466
ONLSTM-SYD,Exploiting Syntactic Structure for Better Language Modeling: A Syntactic Distance Approach,2020-05-12,25000000.0,929000.0,55.7,2,8.361396303901437,0.9162907318741551,-0.07364654016829848,4.019980146933238
FNetAR Medium,FNetAR: Mixing Tokens with Autoregressive Fourier Transforms,2021-07-22,34300000.0,103000000.0,25.81,0,9.555099247091034,1.2325602611778486,4.634728988229636,3.2507620137305224
"AWD-LSTM-MoS + dynamic evaluation (WT2, 2018)",FRAGE: Frequency-Agnostic Word Representation,2018-09-18,35000000.0,2080000.0,39.14,1,6.713210130047912,1.252762968495368,0.7323678937132266,3.66714496196793
"AWD-LSTM-MoS + dynamic evaluation (PTB, 2018)",FRAGE: Frequency-Agnostic Word Representation,2018-09-18,24000000.0,929000.0,46.54,2,6.713210130047912,0.8754687373538999,-0.07364654016829848,3.8403121578741457
"LSTM (Hebbian, Cache, MbPA)",Fast Parametric Learning with Activation Memorization,2018-03-27,45200000.0,103000000.0,29.2,0,6.234086242299795,1.5085119938441398,4.634728988229636,3.374168709274236
Decaying Fast Weights Transformer,Fine-Tuning Pre-trained Transformers into Decaying Fast Weights,2022-10-09,242000000.0,206000000.0,20.5,0,10.770704996577686,3.186352633162641,5.327876168789581,3.0204248861443626
Fine-tuned-AWD-LSTM-DOC(fin),Fine-tuning of Language Models with Discriminator,2018-11-12,23000000.0,929000.0,52.12,2,6.863791923340178,0.8329091229351039,-0.07364654016829848,3.953548752256644
Fraternal dropout + AWD-LSTM 3-layer (WT2),Fraternal Dropout,2017-10-31,34000000.0,2080000.0,64.1,1,5.831622176591376,1.2237754316221157,0.7323678937132266,4.160444363926624
Fraternal dropout + AWD-LSTM 3-layer (PTB),Fraternal Dropout,2017-10-31,24000000.0,929000.0,56.8,2,5.831622176591376,0.8754687373538999,-0.07364654016829848,4.039536325727106
GLM-10B-bidirectional,GLM: General Language Model Pretraining with Autoregressive Blank Infilling,2021-03-18,10000000000.0,632000000000.0,11.33,0,9.210130047912388,6.907755278982137,13.356644673128994,2.427454075039915
GLM-10B-unidirectional,GLM: General Language Model Pretraining with Autoregressive Blank Infilling,2021-03-18,10000000000.0,632000000000.0,12.22,0,9.210130047912388,6.907755278982137,13.356644673128994,2.503073953743449
base LM+GNN+kNN,GNN-LM: Language Modeling based on Global Contexts via GNN,2021-10-17,274000000.0,206000000.0,16.8,0,9.793292265571527,3.3105430133940246,5.327876168789581,2.8213788864092133
GPT-Neo-2.7B (finetuned),GPT-Neo: Large Scale Autoregressive Language Modeling with Mesh-Tensorflow,2021-03-21,2700000000.0,400000000000.0,10.78,1,9.218343600273785,5.598421958998375,12.89921982609012,2.377692565480851
GPT-Neo-1.3B (finetuned),GPT-Neo: Large Scale Autoregressive Language Modeling with Mesh-Tensorflow,2021-03-21,2700000000.0,400000000000.0,12.09,1,9.218343600273785,5.598421958998375,12.89921982609012,2.492378664626701
GPT-Neo-125M(finetuned),GPT-Neo: Large Scale Autoregressive Language Modeling with Mesh-Tensorflow,2021-03-21,125000000.0,400000000000.0,21.96,1,9.218343600273785,2.5257286443082556,12.89921982609012,3.08922261664133
GPT-Neo-2.7B (finetuned on PTB),GPT-Neo: Large Scale Autoregressive Language Modeling with Mesh-Tensorflow,2021-03-21,2700000000.0,400000000000.0,14.7,2,9.218343600273785,5.598421958998375,12.89921982609012,2.6878474937846906
Transformer-XL+AdamGapAware(GA),Gap Aware Mitigation of Gradient Staleness,2019-09-24,257000000.0,206000000.0,26.48,0,7.728952772073922,3.246490991901174,5.327876168789581,3.2763897310688073
RNN+weight noise+dynamic eval,Generating Sequences With Recurrent Neural Networks,2013-08-04,54000000.0,929000.0,117.0,2,1.5906913073237507,1.6863989535702288,-0.07364654016829848,4.762173934797756
Delta RNN (+ full context),Going Beyond Linear Transformers with Recurrent Fast Weight Programmers,2021-06-11,44600000.0,103000000.0,32.8,0,9.442847364818617,1.4951487660319727,4.634728988229636,3.490428515390098
GL-LWGC-AWD-MoS-LSTM + dynamic evaluation (WT2),Gradual Learning of Recurrent Neural Networks,2017-08-29,38000000.0,2080000.0,40.46,1,5.6591375770020536,1.33500106673234,0.7323678937132266,3.7003138317395994
GL-LWGC-AWD-MoS-LSTM + dynamic evaluation (PTB),Gradual Learning of Recurrent Neural Networks,2017-08-29,26000000.0,929000.0,46.34,2,5.6591375770020536,0.9555114450274363,-0.07364654016829848,3.8360055190042304
Gated HORNN (3rd order),Higher Order Recurrent Neural Networks,2016-04-30,8970000.0,929000.0,100.0,2,4.328542094455853,-0.10869941692334091,-0.07364654016829848,4.605170185988092
DOT(S)-RNN,How to Construct Deep Recurrent Neural Networks,2013-12-20,6160000.0,929000.0,107.5,2,1.9685147159479808,-0.4845083154486173,-0.07364654016829848,4.677490847567717
Hybrid H3-2.7B,Hungry Hungry Hippos: Towards Language Modeling with State Space Models,2022-12-28,2700000000.0,103000000.0,10.6,0,10.989733059548255,5.598421958998375,4.634728988229636,2.3608540011180215
Hybrid H3-1.3B,Hungry Hungry Hippos: Towards Language Modeling with State Space Models,2022-12-28,1300000000.0,103000000.0,12.5,0,10.989733059548255,4.867534450455582,4.634728988229636,2.5257286443082556
Hybrid H3-355M,Hungry Hungry Hippos: Towards Language Modeling with State Space Models,2022-12-28,355000000.0,103000000.0,16.9,0,10.989733059548255,3.56953269648137,4.634728988229636,2.8273136219290276
GPT-2 (fine-tuned with HYDRA),Hydra: A System for Large Multi-Model Deep Learning,2021-10-16,1540000000.0,2080000.0,15.17,1,9.790554414784394,5.0369526024136295,0.7323678937132266,2.719319793360441
Hyena-3-slim,Hyena Hierarchy: Towards Larger Convolutional Language Models,2023-02-21,125000000.0,103000000.0,18.5,0,11.14031485284052,2.5257286443082556,4.634728988229636,2.917770732084279
AWD-LSTM-MoS+PDR + dynamic evaluation (WT2),Improved Language Modeling by Decoding the Past,2018-08-14,35000000.0,2050000.0,40.3,1,6.617385352498289,1.252762968495368,0.7178397931503168,3.696351468952637
AWD-LSTM-MoS+PDR + dynamic evaluation (PTB),Improved Language Modeling by Decoding the Past,2018-08-14,22000000.0,888000.0,47.3,2,6.617385352498289,0.7884573603642703,-0.11878353598996698,3.856510295497887
4 layer Densely Connected LSTM,Improving Language Modeling using Densely Connected Recurrent Neural Networks,2017-07-19,14000000.0,929000.0,76.8,2,5.546885694729637,0.3364722366212129,-0.07364654016829848,4.341204640153626
Densely Connected LSTM + Var. Dropout,Improving Language Modeling using Densely Connected Recurrent Neural Networks,2017-07-19,23000000.0,929000.0,78.3,2,5.546885694729637,0.8329091229351039,-0.07364654016829848,4.360547602996758
TransformerXL + spectrum control,Improving Neural Language Generation with Spectrum Control,2020-03-11,151000000.0,103000000.0,23.2,0,8.191649555099247,2.714694743820879,4.634728988229636,3.1441522786722644
AdvSoft + 4 layer QRNN + dynamic evaluation,Improving Neural Language Modeling via Adversarial Training,2019-06-10,26000000.0,103000000.0,28.0,0,7.438740588637919,0.9555114450274363,4.634728988229636,3.332204510175204
4 layer QRNN + dynamic evaluation,Improving Neural Language Modeling via Adversarial Training,2019-06-10,26000000.0,103000000.0,31.6,0,7.438740588637919,0.9555114450274363,4.634728988229636,3.4531571205928664
AWD-LSTM + MoS + Partial Shuffled,Improving Neural Language Modeling via Adversarial Training,2019-06-10,35000000.0,2080000.0,38.07,1,7.438740588637919,1.252762968495368,0.7323678937132266,3.639426570394406
Adversarial + AWD-LSTM-MoS + partial shuffled,Improving Neural Language Modeling via Adversarial Training,2019-06-10,22000000.0,923000.0,46.01,2,7.438740588637919,0.7884573603642703,-0.08012604447928486,3.8288587641673772
Transformer-XL Large + Phrase Induction,"Improving Neural Language Models by Segmenting, Attending, and Predicting the Future",2019-06-04,257000000.0,206000000.0,17.4,0,7.422313483915127,3.246490991901174,5.327876168789581,2.856470206220483
AWD-LSTM + Phrase Induction + finetuning,"Improving Neural Language Models by Segmenting, Attending, and Predicting the Future",2019-06-04,24000000.0,929000.0,55.7,2,7.422313483915127,0.8754687373538999,-0.07364654016829848,4.019980146933238
Neural cache model (size=2000) (300M),Improving Neural Language Models with a Continuous Cache,2016-12-13,300000000.0,103000000.0,40.8,0,4.950034223134839,3.4011973816621555,4.634728988229636,3.708682081410116
LSTM (WT103),Improving Neural Language Models with a Continuous Cache,2016-12-13,11000000.0,103000000.0,48.7,0,4.950034223134839,0.09531017980432493,4.634728988229636,3.885679030088544
LSTM (PTB),Improving Neural Language Models with a Continuous Cache,2016-12-13,32800000.0,929000.0,82.3,2,4.950034223134839,1.1878434223960523,-0.07364654016829848,4.410371107683024
LSTM(medium)+Sememe+cell,Improving Sequence Modeling Ability of Recurrent Neural Networks via Sememes,2019-10-20,10000000.0,2080000.0,89.16,1,7.800136892539356,0.0,0.7323678937132266,4.490432508517668
Sandwich Transformer,Improving Transformer Models by Reordering their Sublayers,2019-11-10,209000000.0,700000000.0,17.84,0,7.857631759069131,3.039749158970765,6.551080335043404,2.8814431271518632
Stack RNN,Inferring Algorithmic Patterns with Stack-Augmented Recurrent Nets,2015-03-03,2010000.0,929000.0,118.0,2,3.167693360711841,-1.6044503709230613,-0.07364654016829848,4.770684624465665
LSTM+NeuralCache,Information-Weighted Neural Cache Language Models for ASR,2018-09-24,2100000.0,2080000.0,66.2,1,6.729637234770705,-1.5606477482646683,0.7323678937132266,4.192680462942962
AWD-LSTM+WT+Cache+IOG (WT2),Input-to-Output Gate to Improve RNN Language Models,2017-09-26,53000000.0,2080000.0,51.7,1,5.735797399041752,1.667706820558076,0.7323678937132266,3.9454577815143836
AWD-LSTM+WT+Cache+IOG (PTB),Input-to-Output Gate to Improve RNN Language Models,2017-09-26,30000000.0,929000.0,53.0,2,5.735797399041752,1.0986122886681098,-0.07364654016829848,3.970291913552122
MPT-7B,"Introducing MPT-7B: A New Standard for Open-Source, Commercially Usable LLMs",2023-05-05,7000000000.0,1000000000000.0,9.96,1,11.340177960301164,6.551080335043404,13.815510557964274,2.298577071596507
LSTM-3-layer+Gadam,Iterative Averaging in the Quest for Best Test Error,2020-03-02,24000000.0,929000.0,58.77,2,8.167008898015059,0.8754687373538999,-0.07364654016829848,4.073631520624559
LLaMA-65B,LLaMA: Open and Efficient Foundation Language Models,2023-02-27,65200000000.0,1400000000000.0,4.96,1,11.156741957563312,8.782629654920699,14.151982794585487,1.601405740736836
LLaMA-33B,LLaMA: Open and Efficient Foundation Language Models,2023-02-27,33000000000.0,1400000000000.0,6.9,1,11.156741957563312,8.101677747454572,14.151982794585487,1.9315214116032138
LLaMA-33B (LoRA finetuned),LLaMA: Open and Efficient Foundation Language Models,2023-05-23,33000000000.0,1400000000000.0,7.68,2,11.38945927446954,8.101677747454572,14.151982794585487,2.038619547159581
LSTM-300units,LSTM Neural Networks for Language Modeling,2012-09-01,12000000.0,929000.0,114.5,2,0.6680355920602327,0.1823215567939546,-0.07364654016829848,4.740574822994295
LaMemo,LaMemo: Language Modeling with Look-Ahead Memory,2022-04-15,151000000.0,103000000.0,23.77,0,10.286105407255304,2.714694743820879,4.634728988229636,3.1684242813721024
GPT-2 (1542M),Language Models are Unsupervised Multitask Learners,2019-02-14,1500000000.0,4000000000.0,17.48,0,7.121149897330596,5.0106352940962555,8.294049640102028,2.8610573702273894
GPT-2 (762M),Language Models are Unsupervised Multitask Learners,2019-02-14,762000000.0,4000000000.0,22.05,0,7.121149897330596,4.333361462692601,8.294049640102028,3.093312601892855
GPT-2 (345M),Language Models are Unsupervised Multitask Learners,2019-02-14,345000000.0,4000000000.0,26.37,0,7.121149897330596,3.5409593240373143,8.294049640102028,3.2722270003651954
GPT-2 (1542M),Language Models are Unsupervised Multitask Learners,2019-02-14,1500000000.0,4000000000.0,18.34,1,7.121149897330596,5.0106352940962555,8.294049640102028,2.9090844668283187
GPT-2 (1542M),Language Models are Unsupervised Multitask Learners,2019-02-14,1500000000.0,4000000000.0,35.76,2,7.121149897330596,5.0106352940962555,8.294049640102028,3.576829950305313
SPN-4,Language modeling with sum-product networks,2014-01-01,5000000.0,1010000.0,100.0,2,2.001368925393566,-0.6931471805599453,0.009950330853168092,4.605170185988092
AWD-FWM (WT2),Learning Associative Inference Using Fast Weight Memory,2020-11-16,37000000.0,2080000.0,61.65,1,8.876112251882272,1.308332819650179,0.7323678937132266,4.121473229610353
AWD-FWM (PTB),Learning Associative Inference Using Fast Weight Memory,2020-11-16,24000000.0,929000.0,54.48,2,8.876112251882272,0.8754687373538999,-0.07364654016829848,3.997833661841257
DITTO,Learning to Break the Loop: Analyzing and Mitigating Repetitions for Neural Text Generation,2022-06-06,750000000.0,103000000.0,24.33,0,10.428473648186174,4.31748811353631,4.634728988229636,3.1917101567954314
Linear Transformer (large),Linear Transformers Are Secretly Fast Weight Programmers,2021-02-22,90000000.0,103000000.0,31.5,0,9.144421629021219,2.1972245773362196,4.634728988229636,3.449987545831587
Linear Transformer (small),Linear Transformers Are Secretly Fast Weight Programmers,2021-02-22,40000000.0,103000000.0,35.5,0,9.144421629021219,1.3862943611198906,4.634728988229636,3.56953269648137
MemSizer,Linearizing Transformer with Key-Value Memory,2022-03-23,357000000.0,103000000.0,20.8,0,10.223134839151266,3.5751506887855933,4.634728988229636,3.0349529867072724
bRSM + cache,Long Distance Relationships without Time Travel: Boosting the Performance of a Sparse Predictive Autoencoder in Sequence Modeling,2019-12-02,2550000.0,929000.0,103.5,2,7.917864476386037,-1.3664917338237108,-0.07364654016829848,4.639571612705423
D-LSRC(200)+KN5,Long-Short Range Context Neural Networks for Language Modeling,2017-08-22,7160000.0,929000.0,92.0,2,5.639972621492129,-0.3340751120214915,-0.07364654016829848,4.5217885770490405
D-LSRC(100)+KN5,Long-Short Range Context Neural Networks for Language Modeling,2017-08-22,5970000.0,929000.0,93.0,2,5.639972621492129,-0.515838165589535,-0.07364654016829848,4.532599493153256
LSTM+Adam+Lookahead,"Lookahead Optimizer: k steps forward, 1 step back",2019-07-19,7190000.0,929000.0,57.72,2,7.545516769336071,-0.3298939212610904,-0.07364654016829848,4.05560373390567
Megatron-LM (8.3B),Megatron-LM: Training Multi-Billion Parameter Language Models Using Model Parallelism,2019-09-17,8300000000.0,46400000000.0,10.81,0,7.709787816563997,6.721425700790643,10.745054738214346,2.3804716316511167
Megatron-LM (355M),Megatron-LM: Training Multi-Billion Parameter Language Models Using Model Parallelism,2019-09-17,355000000.0,46400000000.0,19.31,0,7.709787816563997,3.56953269648137,10.745054738214346,2.960623096440423
Multipop Adaptive Continuous Stack (WT2),Memory Architectures in Recurrent Neural Network Language Models,2018-02-15,26000000.0,2080000.0,72.4,1,6.12457221081451,0.9555114450274363,0.7323678937132266,4.282206299391671
Multipop Adaptive Continuous Stack (PTB),Memory Architectures in Recurrent Neural Network Language Models,2018-02-15,11000000.0,929000.0,63.5,2,6.12457221081451,0.09531017980432493,-0.07364654016829848,4.151039905898646
TransformerXL + FWL,Meta-Learning Fast Weight Language Models,2022-12-05,257000000.0,206000000.0,16.6,0,10.926762491444217,3.246490991901174,5.327876168789581,2.8094026953624978
"Mogrifier (d2, MoS2, MC) + dynamic eval",Mogrifier LSTM,2019-09-04,35000000.0,2080000.0,38.6,1,7.67419575633128,1.252762968495368,0.7323678937132266,3.653252276470785
"Mogrifier (d2, MC) + dynamic eval",Mogrifier LSTM,2019-09-04,24000000.0,923000.0,44.8,2,7.67419575633128,0.8754687373538999,-0.08012604447928486,3.8022081394209395
Monarch-GPT-2-Medium,Monarch: Expressive Structured Matrices for Efficient and Accurate Training,2022-04-01,165000000.0,4000000000.0,20.3,0,10.247775496235455,2.803360380906535,8.294049640102028,3.0106208860477417
Monarch-GPT-2-Small,Monarch: Expressive Structured Matrices for Efficient and Accurate Training,2022-04-01,72000000.0,4000000000.0,20.7,0,10.247775496235455,1.9740810260220096,8.294049640102028,3.0301337002713233
Multi-cell LSTM,Multi-cell LSTM Based Neural Language Model,2018-11-15,7200000.0,929000.0,77.12,2,6.872005475701574,-0.3285040669720361,-0.07364654016829848,4.34536265030229
Byte-mLSTM+emb+WN+VD,Multiplicative LSTM for sequence modelling,2016-09-26,46000000.0,2080000.0,88.8,1,4.736481861738535,1.5260563034950492,0.7323678937132266,4.486386649998124
ADP-FAIRSEQ+NGRAMRES,N-gram Is Back: Residual Learning of Neural Text Generation with n-gram Language Model,2022-10-26,247000000.0,204000000.0,18.2,0,10.817248459958932,3.2068032436339315,5.318119993844216,2.9014215940827497
ADP-FAIRSEQ,N-gram Is Back: Residual Learning of Neural Text Generation with n-gram Language Model,2022-10-26,247000000.0,103000000.0,18.9,0,10.817248459958932,3.2068032436339315,4.634728988229636,2.9391619220655967
L_UL-seq,Neural Text Generation with Unlikelihood Training,2019-08-12,247000000.0,103000000.0,25.42,0,7.611225188227242,3.2068032436339315,4.634728988229636,3.2355362657613083
Dropout-LSTM+Noise(Bernoulli) (WT2),Noisin: Unbiased Regularization for Recurrent Neural Networks,2018-05-03,51000000.0,2080000.0,76.8,1,6.335386721423682,1.62924053973028,0.7323678937132266,4.341204640153626
Dropout-LSTM+Noise(Laplace),Noisin: Unbiased Regularization for Recurrent Neural Networks,2018-05-03,13000000.0,2080000.0,82.1,1,6.335386721423682,0.26236426446749106,0.7323678937132266,4.407938016458383
LSTM+Noise(Beta),Noisin: Unbiased Regularization for Recurrent Neural Networks,2018-05-03,51000000.0,2080000.0,82.9,1,6.335386721423682,1.62924053973028,0.7323678937132266,4.417635062141249
AWD-LSTM-MoS+Noisin+dynamic evaluation ,Noisin: Unbiased Regularization for Recurrent Neural Networks,2018-05-03,22000000.0,929000.0,47.6,2,6.335386721423682,0.7884573603642703,-0.07364654016829848,3.8628327612373745
Dropout-LSTM+Noise(Bernoulli) (PTB),Noisin: Unbiased Regularization for Recurrent Neural Networks,2018-05-03,51000000.0,929000.0,66.1,2,6.335386721423682,1.62924053973028,-0.07364654016829848,4.191168746857641
OPT-175B,OPT: Open Pre-trained Transformer Language Models,2022-06-21,175000000000.0,180000000000.0,8.35,1,10.469541409993155,9.769956159911606,12.100712129872347,2.122261538862764
OPT-2.7B (finetuned on WT2),OPT: Open Pre-trained Transformer Language Models,2022-06-21,2700000000.0,180000000000.0,10.27,1,10.469541409993155,5.598421958998375,12.100712129872347,2.329227023940467
OPT-30B,OPT: Open Pre-trained Transformer Language Models,2022-06-21,30000000000.0,180000000000.0,10.67,1,10.469541409993155,8.006367567650246,12.100712129872347,2.367436065313662
OPT-2.7B (finetuned on PTB),OPT: Open Pre-trained Transformer Language Models,2022-06-21,2700000000.0,180000000000.0,10.8,2,10.469541409993155,5.598421958998375,12.100712129872347,2.379546134130174
OPT-1.3B (finetuned on PTB),OPT: Open Pre-trained Transformer Language Models,2022-06-21,1300000000.0,180000000000.0,12.02,2,10.469541409993155,4.867534450455582,12.100712129872347,2.4865719291070616
OPT-125M (finetuned on PTB),OPT: Open Pre-trained Transformer Language Models,2022-06-21,125000000.0,180000000000.0,16.5,2,10.469541409993155,2.5257286443082556,12.100712129872347,2.803360380906535
B2T connection (16L),On Layer Normalizations and Residual Connections in Transformers,2022-06-01,247000000.0,103000000.0,19.2,0,10.414784394250514,3.2068032436339315,4.634728988229636,2.954910279033736
AWD-LSTM,On the State of the Art of Evaluation in Neural Language Models,2017-07-18,33000000.0,2080000.0,65.8,1,5.544147843942505,1.1939224684724346,0.7323678937132266,4.186619838331271
DOC + Finetune∗ + Partial Shuffle (WT2),Partially Shuffling the Training Data to Improve Language Models,2019-03-11,67300000.0,2080000.0,57.85,1,7.189596167008898,1.9065751436566365,0.7323678937132266,4.0578534536396855
DOC + Finetune∗ + Partial Shuffle (PTB),Partially Shuffling the Training Data to Improve Language Models,2019-03-11,37000000.0,929000.0,52.0,2,7.189596167008898,1.308332819650179,-0.07364654016829848,3.9512437185814275
PermuteFormer,PermuteFormer: Efficient Relative Position Encoding for Long Sequences,2021-09-06,33000000.0,103000000.0,32.49,0,9.681040383299111,1.1939224684724346,4.634728988229636,3.480932349681009
GPT-2-Medium+Pixelfly,Pixelated Butterfly: Simple and Efficient Sparse training for Neural Network Models,2021-11-30,203000000.0,103000000.0,21.0,0,9.91375770020534,3.0106208860477417,4.634728988229636,3.044522437723423
GPT-2-Small+Pixelfly,Pixelated Butterfly: Simple and Efficient Sparse training for Neural Network Models,2021-11-30,68000000.0,103000000.0,22.5,0,9.91375770020534,1.916922612182061,4.634728988229636,3.1135153092103742
Pointer Sentinel-LSTM,Pointer Sentinel Mixture Models,2016-09-26,20000000.0,2080000.0,80.8,1,4.736481861738535,0.6931471805599453,0.7323678937132266,4.39197696552705
Zoneout + Variational LSTM (WT2),Pointer Sentinel Mixture Models,2016-09-26,21000000.0,2080000.0,100.9,1,4.736481861738535,0.7419373447293773,0.7323678937132266,4.6141299273595635
Pointer Sentinel-LSTM (medium),Pointer Sentinel Mixture Models,2016-09-26,21000000.0,929000.0,70.9,2,4.736481861738535,0.7419373447293773,-0.07364654016829848,4.2612704335380815
Zoneout + Variational LSTM (PTB),Pointer Sentinel Mixture Models,2016-09-26,21000000.0,929000.0,80.6,2,4.736481861738535,0.7419373447293773,-0.07364654016829848,4.389498649512583
Deep RNN,Pointer Sentinel Mixture Models,2013-12-11,6000000.0,929000.0,107.5,2,1.943874058863792,-0.5108256237659907,-0.07364654016829848,4.677490847567717
Tensor-Transformer(1core)+PN (WT103),PowerNorm: Rethinking Batch Normalization in Transformers,2020-03-17,85300000.0,103000000.0,17.9,0,8.208076659822039,2.1435893615035875,4.634728988229636,2.884800712846709
Tensor-Transformer(1core)+PN (PTB),PowerNorm: Rethinking Batch Normalization in Transformers,2020-03-17,12000000.0,929000.0,47.6,2,8.208076659822039,0.1823215567939546,-0.07364654016829848,3.8628327612373745
2-layer skip-LSTM + dropout tuning (WT2),Pushing the bounds of dropout,2018-05-23,5400000.0,2080000.0,63.7,1,6.3901437371663246,-0.616186139423817,0.7323678937132266,4.154184562578117
2-layer skip-LSTM + dropout tuning (PTB),Pushing the bounds of dropout,2018-05-23,5400000.0,929000.0,55.3,2,6.3901437371663246,-0.616186139423817,-0.07364654016829848,4.012772908528289
Pythia-12b,Pythia: A Suite for Analyzing Large Language Models Across Training and Scaling,2023-04-03,12000000000.0,300000000000.0,10.54,1,11.252566735112936,7.090076835776092,12.611537753638338,2.355177543113216
Pythia-6.9b,Pythia: A Suite for Analyzing Large Language Models Across Training and Scaling,2023-04-03,6900000000.0,300000000000.0,11.41,1,11.252566735112936,6.536691597591305,12.611537753638338,2.4344901638739844
Pythia-2.8b,Pythia: A Suite for Analyzing Large Language Models Across Training and Scaling,2023-04-03,2800000000.0,300000000000.0,12.69,1,11.252566735112936,5.634789603169249,12.611537753638338,2.540814281726296
Adaptive Input Transformer + RD,R-Drop: Regularized Dropout for Neural Networks,2021-06-28,247000000.0,103000000.0,18.07,0,9.489390828199863,3.2068032436339315,4.634728988229636,2.8942531046041373
R-Transformer,R-Transformer: Recurrent Neural Network Enhanced Transformer,2019-07-12,15800000.0,888000.0,84.38,2,7.526351813826146,0.4574248470388755,-0.11878353598996698,4.435330406696193
RFA-GATE-Gaussian-Stateful Big,Random Feature Attention,2021-03-03,242000000.0,103000000.0,23.5,0,9.169062286105408,3.186352633162641,4.634728988229636,3.1570004211501135
GPT-2+Active-SGD,Read the Signs Towards Invariance to Gradient Descent’s Hyperparameter Initialization,2023-01-24,124000000.0,2080000.0,20.59,1,11.063655030800822,2.517696472610991,0.7323678937132266,3.0248055210396982
HSO,Reconsidering the Past: Optimizing Hidden States in Language Models,2021-12-16,345000000.0,4100000000.0,20.3,0,9.957563312799453,3.5409593240373143,8.318742252692399,3.0106208860477417
Variational RHN + WT,Recurrent Highway Networks,2016-07-12,23000000.0,929000.0,65.4,2,4.528405201916495,0.8329091229351039,-0.07364654016829848,4.180522258463153
VD-RHN,Recurrent Highway Networks,2016-07-12,32000000.0,929000.0,68.5,2,4.528405201916495,1.1631508098056809,-0.07364654016829848,4.22683374526818
Transformer-XL + RMT,Recurrent Memory Transformer,2022-07-14,247000000.0,206000000.0,23.99,0,10.532511978097194,3.2068032436339315,5.327876168789581,3.177637076851603
Large regularized LSTM,Recurrent Neural Network Regularization,2014-09-08,66000000.0,929000.0,78.4,2,2.6858316221765914,1.8870696490323797,-0.07364654016829848,4.361823927356363
AWD-LSTM - 3-layer LSTM (tied) + continuous cache pointer (WT2),Regularizing and Optimizing LSTM Language Models,2017-08-07,33000000.0,2080000.0,52.0,1,5.598904859685147,1.1939224684724346,0.7323678937132266,3.9512437185814275
AWD-LSTM - 3-layer LSTM (tied) + continuous cache pointer (PTB),Regularizing and Optimizing LSTM Language Models,2017-08-07,24000000.0,929000.0,52.8,2,5.598904859685147,0.8754687373538999,-0.07364654016829848,3.966511190712216
Transformer-C,Revisiting Simple Neural Probabilistic Language Models,2021-04-08,148000000.0,103000000.0,25.1,0,9.267624914442163,2.6946271807700692,4.634728988229636,3.2228678461377385
QRNN,Scalable Language Modeling: WikiText-103 on a Single GPU in 12 hours,2018-02-01,135000000.0,103000000.0,33.0,0,6.0862422997946615,2.6026896854443837,4.634728988229636,3.4965075614664802
Gopher (280B),"Scaling Language Models: Methods, Analysis & Insights from Training Gopher",2021-12-08,280000000000.0,300000000000.0,8.12,0,9.935660506502396,10.239959789157341,12.611537753638338,2.0943301541735866
Gopher (7.1B),"Scaling Language Models: Methods, Analysis & Insights from Training Gopher",2021-12-08,7100000000.0,300000000000.0,10.81,0,9.935660506502396,6.565264970035361,12.611537753638338,2.3804716316511167
"Segatron XL large, M=384",Segatron: Segment-Aware Transformer for Language Modeling and Understanding,2020-04-30,257000000.0,103000000.0,17.1,0,8.328542094455852,3.246490991901174,4.634728988229636,2.8390784635086144
"Segatron XL base, M=384",Segatron: Segment-Aware Transformer for Language Modeling and Understanding,2020-04-30,151000000.0,103000000.0,22.5,0,8.328542094455852,2.714694743820879,4.634728988229636,3.1135153092103742
Selfish-RNN (AWD-LSTM-MoS),Selfish Sparse RNN Training,2021-01-22,15600000.0,2080000.0,63.05,1,9.059548254620124,0.44468582126144574,0.7323678937132266,4.143928062410929
Selfish-RNN (ON-LSTM),Selfish Sparse RNN Training,2021-01-22,11300000.0,929000.0,55.82,2,9.059548254620124,0.12221763272424911,-0.07364654016829848,4.022132228108176
Selfish-RNN (SNT-ASGD)RHNs,Selfish Sparse RNN Training,2021-01-22,7600000.0,929000.0,64.03,2,9.059548254620124,-0.2744368457017603,-0.07364654016829848,4.159351723530711
Selfish-RNN (SNT-ASGD) Stacked LSTMs,Selfish Sparse RNN Training,2021-01-22,25200000.0,929000.0,71.42,2,9.059548254620124,0.9242589015233319,-0.07364654016829848,4.268577942166303
Word-Independent-SRNN+KN5,Sequential Recurrent Neural Networks for Language Modeling,2017-03-23,5320000.0,929000.0,94.0,2,5.223819301848049,-0.6311117896404926,-0.07364654016829848,4.543294782270004
Shortformer,Shortformer: Better Language Modeling using Shorter Inputs,2020-12-31,24000000.0,103000000.0,18.15,0,8.999315537303216,0.8754687373538999,4.634728988229636,2.8986705607108596
Sparse Wide GPT-3 Small,Sparse Iso-FLOP Transformations for Maximizing Training Efficiency,2023-03-21,1300000000.0,103000000.0,20.4,0,11.21697467488022,4.867534450455582,4.634728988229636,3.0155349008501706
DEQ-Transformer (Post-LN) + Jacobian Regularisation,Stabilizing Equilibrium Models by Jacobian Regularization,2021-06-28,98000000.0,103000000.0,24.9,0,9.489390828199863,2.2823823856765264,4.634728988229636,3.214867803470662
"GCRN-M1, dropout",Structured Sequence Modeling with Graph Convolutional Recurrent Networks,2016-12-22,42000000.0,929000.0,98.67,2,4.974674880219028,1.4350845252893227,-0.07364654016829848,4.591780948869076
Subformer (122M),Subformer: Exploring Weight Sharing for Parameter Efficiency in Generative Transformers,2021-01-01,122000000.0,103000000.0,19.9,0,9.00205338809035,2.501435951739211,4.634728988229636,2.990719731730447
Subformer (96M),Subformer: Exploring Weight Sharing for Parameter Efficiency in Generative Transformers,2021-01-01,96000000.0,103000000.0,20.39,0,9.00205338809035,2.2617630984737906,4.634728988229636,3.015044584586364
Subformer (83M),Subformer: Exploring Weight Sharing for Parameter Efficiency in Generative Transformers,2021-01-01,83000000.0,103000000.0,20.88,0,9.00205338809035,2.1162555148025524,4.634728988229636,3.038791763014438
GPT3-6.7B (rerun of original),Tensor Programs V: Tuning Large Neural Networks via Zero-Shot Hyperparameter Transfer,2020-05-28,6700000000.0,499000000000.0,9.13,0,8.405201916495551,6.507277712385012,13.120361374733656,2.211565694606877
TaLK Convolution,Time-aware Large Kernel Convolutions,2020-02-08,240000000.0,103000000.0,23.3,0,8.10403832991102,3.1780538303479458,4.634728988229636,3.1484533605716547
Integer Transformer,Towards Fully 8-bit Integer Inference for the Transformer Model,2020-09-17,59700000.0,103000000.0,18.16,0,8.711841204654347,1.7867469274045107,4.634728988229636,2.8992213731731473
Integer Transformer,Towards Fully 8-bit Integer Inference for the Transformer Model,2020-09-17,247000000.0,103000000.0,30.79,0,8.711841204654347,3.2068032436339315,4.634728988229636,3.427189961936409
"ALiBi (L=3072, Lvalid = 3072)","Train Short, Test Long: Attention with Linear Biases Enables Input Length Extrapolation",2021-08-27,1300000000.0,103000000.0,18.3,0,9.653661875427789,4.867534450455582,4.634728988229636,2.9069010598473755
Chinchilla,Training Compute-Optimal Large Language Models,2022-03-29,70000000000.0,1400000000000.0,7.16,0,10.239561943874058,8.85366542803745,14.151982794585487,1.9685099809725544
NoPos,Transformer Language Models without Positional Encodings Still Learn Positional Information,2022-03-30,1300000000.0,103000000.0,20.97,0,10.242299794661191,4.867534450455582,4.634728988229636,3.0430928449138284
Transformer-XL Large,Transformer-XL: Attentive Language Models Beyond a Fixed-Length Context,2019-01-09,257000000.0,103000000.0,18.3,0,7.02258726899384,3.246490991901174,4.634728988229636,2.9069010598473755
Transformer-XL-ptb,Transformer-XL: Attentive Language Models Beyond a Fixed-Length Context,2019-01-09,257000000.0,103000000.0,54.52,2,7.02258726899384,3.246490991901174,4.634728988229636,3.998567606828332
TrellisNet,Trellis Networks for Sequence Modeling,2018-10-15,180000000.0,103000000.0,29.19,0,6.787132101300479,2.8903717578961645,4.634728988229636,3.3738261848660236
TrellisNet-MoS (1.4x larger),Trellis Networks for Sequence Modeling,2018-10-15,180000000.0,103000000.0,29.19,0,6.787132101300479,2.8903717578961645,4.634728988229636,3.3738261848660236
TrellisNet-MoS (1.4x larger),Trellis Networks for Sequence Modeling,2018-10-15,180000000.0,103000000.0,54.19,2,6.787132101300479,2.8903717578961645,4.634728988229636,3.9924963895780228
Turing-NLG,Turing-NLG: A 17-billion-parameter language model by Microsoft,2020-02-13,17000000000.0,46400000000.0,10.21,0,8.11772758384668,7.438383530044307,10.745054738214346,2.3233676321765744
VD-LSTM+REAL Large,Tying Word Vectors and Word Classifiers: A Loss Framework for Language Modeling,2016-11-04,51000000.0,929000.0,68.5,2,4.843258042436688,1.62924053973028,-0.07364654016829848,4.22683374526818
SRU++ Large,When Attention Meets Fast Recurrence: Training Language Models with Reduced Compute,2021-02-24,234000000.0,103000000.0,17.1,0,9.149897330595483,3.152736022363656,4.634728988229636,2.8390784635086144
SRU++ Large only 2 attention layers (k=5),When Attention Meets Fast Recurrence: Training Language Models with Reduced Compute,2021-02-24,225000000.0,103000000.0,17.3,0,9.149897330595483,3.1135153092103742,4.634728988229636,2.8507065015037334
SRU++ Base,When Attention Meets Fast Recurrence: Training Language Models with Reduced Compute,2021-02-24,108000000.0,103000000.0,18.3,0,9.149897330595483,2.379546134130174,4.634728988229636,2.9069010598473755
genCNN + dyn eval,genCNN: A Convolutional Architecture for Word Sequence Prediction,2015-03-17,8000000.0,929000.0,106.3,2,3.2060232717316905,-0.2231435513142097,-0.07364654016829848,4.666265285347902
rTop-k(distributed setting),rTop-k: A Statistical Estimation Approach to Distributed SGD,2020-05-21,69000000.0,929000.0,82.49,2,8.386036960985626,1.9315214116032138,-0.07364654016829848,4.41267707387264
