fit_id,benchmark,method,n,hardware_efficiency_growth,research_compute_growth_proxy,adjusted_software_log_growth_per_year,adjusted_annual_software_factor,status,p,delta,x_stop,x_exact,gain_coefficient_times_1e_minus_120_at_stop,bootstrap_positive_fraction,conditional_bootstrap_stop_q05,conditional_bootstrap_stop_median,conditional_bootstrap_stop_q95
gpqa_all_ols,GPQA-Diamond,all_ols,165,1.49,3.4,1.104012710603413,3.0162450914984222,finite_power_law_stop,0.9021366846203498,1.108479476611501,4.7427542505990235e+119,9.021366846203497e+119,1.9021366846203498,1.0,3.0340361015334467e+119,4.793572662167883e+119,5.9364147386391236e+119
gpqa_all_ols,GPQA-Diamond,all_ols,165,1.49,5.0,1.104012710603413,3.0162450914984222,finite_power_law_stop,0.6859616652957513,1.4578074119766613,4.0686670368357394e+119,6.859616652957513e+119,1.6859616652957512,1.0,2.4878826086373823e+119,4.117920397542304e+119,5.262497593694018e+119
gpqa_all_ols,GPQA-Diamond,all_ols,165,1.4285714285714286,3.4,1.1461138866220484,3.1459436304328543,finite_power_law_stop,0.9365393821502637,1.067760757378972,4.836149426046601e+119,9.365393821502636e+119,1.9365393821502637,1.0,3.1970672921886303e+119,4.8851867447309336e+119,5.99243981697881e+119
gpqa_all_ols,GPQA-Diamond,all_ols,165,1.4285714285714286,5.0,1.1461138866220484,3.1459436304328543,finite_power_law_stop,0.7121205967421729,1.4042565326362206,4.15928993610145e+119,7.121205967421729e+119,1.7121205967421729,1.0,2.6326576710560966e+119,4.207055824427956e+119,5.320489884399343e+119
gpqa_open_ols,GPQA-Diamond,open_ols,85,1.49,3.4,-0.15140940437634012,0.8594957452989274,Non-positive hardware-adjusted improvement; incompatible with positive k0 calibration,-0.12372319337678384,,,,,0.355,1.8712770073314521e+118,1.5624564082043635e+119,3.751974521004037e+119
gpqa_open_ols,GPQA-Diamond,open_ols,85,1.49,5.0,-0.15140940437634012,0.8594957452989274,Non-positive hardware-adjusted improvement; incompatible with positive k0 calibration,-0.0940759523598831,,,,,0.355,1.429280621286422e+118,1.2342765873497941e+119,3.1348160440204655e+119
gpqa_open_ols,GPQA-Diamond,open_ols,85,1.4285714285714286,3.4,-0.10930822835770473,0.8964540623467813,Non-positive hardware-adjusted improvement; incompatible with positive k0 calibration,-0.08932049584687,,,,,0.4075,1.3339263966822347e+118,1.548103117748786e+119,3.644669282166482e+119
gpqa_open_ols,GPQA-Diamond,open_ols,85,1.4285714285714286,5.0,-0.10930822835770473,0.8964540623467813,Non-positive hardware-adjusted improvement; incompatible with positive k0 calibration,-0.06791702091346158,,,,,0.4075,1.0175391224993933e+118,1.2224880622957825e+119,3.0365127319644178e+119
gpqa_pareto_all_ols,GPQA-Diamond,pareto_all_ols,56,1.49,3.4,2.1431133364376946,8.525940472483017,finite_power_law_stop,1.7512308884947916,0.5710269311544148,6.365263256596019e+119,1.7512308884947917e+120,2.7512308884947916,1.0,5.29692243284703e+119,6.420988252696184e+119,7.52548759084018e+119
gpqa_pareto_all_ols,GPQA-Diamond,pareto_all_ols,56,1.49,5.0,2.1431133364376946,8.525940472483017,finite_power_law_stop,1.3315911846493464,0.7509812407351842,5.7110834584391665e+119,1.3315911846493464e+120,2.3315911846493464,1.0,4.613189955499889e+119,5.7701731432951995e+119,6.981087280846402e+119
gpqa_pareto_all_ols,GPQA-Diamond,pareto_all_ols,56,1.4285714285714286,3.4,2.18521451245633,8.892555912799786,finite_power_law_stop,1.7856335860247055,0.5600253085663927,6.410152415533336e+119,1.7856335860247053e+120,2.7856335860247055,1.0,5.371806425622256e+119,6.464519793043102e+119,7.546375274129977e+119
gpqa_pareto_all_ols,GPQA-Diamond,pareto_all_ols,56,1.4285714285714286,5.0,2.18521451245633,8.892555912799786,finite_power_law_stop,1.357750116095768,0.7365125498022537,5.758668430665103e+119,1.357750116095768e+120,2.357750116095768,1.0,4.6880428121311825e+119,5.8164630391023805e+119,7.00474129740958e+119
gpqa_pareto_open_ols,GPQA-Diamond,pareto_open_ols,44,1.49,3.4,1.3119449067270523,3.713388888542813,finite_power_law_stop,1.0720471034363452,0.9327948341025267,5.173854888040093e+119,1.0720471034363452e+120,2.0720471034363452,1.0,3.4911425887673946e+119,5.1345391223358495e+119,6.561076850203001e+119
gpqa_pareto_open_ols,GPQA-Diamond,pareto_open_ols,44,1.49,5.0,1.3119449067270523,3.713388888542813,finite_power_law_stop,0.8151572027670692,1.2267572397145947,4.4908352925268625e+119,8.151572027670692e+119,1.815157202767069,1.0,2.89693018598069e+119,4.451922003368255e+119,5.9195473549851235e+119
gpqa_pareto_open_ols,GPQA-Diamond,pareto_open_ols,44,1.4285714285714286,3.4,1.3540460827456877,3.873064610750154,finite_power_law_stop,1.1064498009662591,0.903791567522271,5.2526758551697485e+119,1.106449800966259e+120,2.106449800966259,1.0,3.633699292921094e+119,5.21463888213453e+119,6.601286430149329e+119
gpqa_pareto_open_ols,GPQA-Diamond,pareto_open_ols,44,1.4285714285714286,5.0,1.3540460827456877,3.873064610750154,finite_power_law_stop,0.8413161342134906,1.1886138388809766,4.56910206010254e+119,8.413161342134905e+119,1.8413161342134905,1.0,3.0265044773103775e+119,4.531290368332961e+119,5.962642225560296e+119
gpqa_pareto_open_robust,GPQA-Diamond,pareto_open_robust,44,1.49,3.4,1.117919173205442,3.0584834031099506,finite_power_law_stop,0.9135002585593984,1.0946904400191553,4.773975098634887e+119,9.135002585593984e+119,1.9135002585593983,1.0,3.14667510152522e+119,4.767369963317293e+119,6.549114205660523e+119
gpqa_pareto_open_robust,GPQA-Diamond,pareto_open_robust,44,1.49,5.0,1.117919173205442,3.0584834031099506,finite_power_law_stop,0.6946022363265387,1.4396728770822602,4.09891018338473e+119,6.946022363265387e+119,1.6946022363265387,1.0,2.587776345049789e+119,4.092507637415628e+119,5.906745344385421e+119
gpqa_pareto_open_robust,GPQA-Diamond,pareto_open_robust,44,1.4285714285714286,3.4,1.1600203492240775,3.189998189443678,finite_power_law_stop,0.9479029560893123,1.0549603137916357,4.8662740262603234e+119,9.479029560893123e+119,1.9479029560893122,1.0,3.304536059150451e+119,4.859900285557774e+119,6.589602373447275e+119
gpqa_pareto_open_robust,GPQA-Diamond,pareto_open_robust,44,1.4285714285714286,5.0,1.1600203492240775,3.189998189443678,finite_power_law_stop,0.7207611677729603,1.3874221374742541,4.188618277025522e+119,7.207611677729603e+119,1.7207611677729604,1.0,2.7287626723148397e+119,4.182409016795459e+119,5.950109615542221e+119
gpqa_pareto_open_linear_score,GPQA-Diamond,pareto_open_linear_score,44,1.49,3.4,1.0740385502309302,2.9271772133239145,finite_power_law_stop,0.8776434977186058,1.1394148109106423,4.674175362814983e+119,8.776434977186058e+119,1.8776434977186058,0.9975,2.674461611684821e+119,4.6035883044399866e+119,6.10388036249267e+119
gpqa_pareto_open_linear_score,GPQA-Diamond,pareto_open_linear_score,44,1.49,5.0,1.0740385502309302,2.9271772133239145,finite_power_law_stop,0.6673376723222354,1.4984917553360195,4.0024146482144826e+119,6.673376723222354e+119,1.6673376723222355,0.9975,2.172933115036812e+119,3.934477817735669e+119,5.436385711854467e+119
gpqa_pareto_open_linear_score,GPQA-Diamond,pareto_open_linear_score,44,1.4285714285714286,3.4,1.1161397262495656,3.0530458334968427,finite_power_law_stop,0.9120461952485197,1.0964356906587545,4.770000837401189e+119,9.120461952485197e+119,1.9120461952485197,0.9975,2.8545532425512636e+119,4.701947246818737e+119,6.155412139929808e+119
gpqa_pareto_open_linear_score,GPQA-Diamond,pareto_open_linear_score,44,1.4285714285714286,5.0,1.1161397262495656,3.0530458334968427,finite_power_law_stop,0.693496603768657,1.4419681287056298,4.0950575408617314e+119,6.934966037686569e+119,1.693496603768657,0.9975,2.3299825939121874e+119,4.029214820621476e+119,5.4902231543976995e+119
aime_all_ols,AIME,all_ols,136,1.49,3.4,1.4825673017524927,4.404238187497505,finite_power_law_stop,1.211470065048902,0.8254434251824737,5.47812102092421e+119,1.211470065048902e+120,2.211470065048902,1.0,4.2827148858327945e+119,5.422135759539146e+119,6.194873598209406e+119
aime_all_ols,AIME,all_ols,136,1.49,5.0,1.4825673017524927,4.404238187497505,finite_power_law_stop,0.9211708574146054,1.0855749418806404,4.7948408849708504e+119,9.211708574146053e+119,1.9211708574146054,1.0,3.6288800376581755e+119,4.738521087028493e+119,5.531555277507869e+119
aime_all_ols,AIME,all_ols,136,1.4285714285714286,3.4,1.5246684777711281,4.5936204295598975,finite_power_law_stop,1.245872762578816,0.8026501822947898,5.547388005846986e+119,1.245872762578816e+120,2.245872762578816,1.0,4.392999015118988e+119,5.493115088050331e+119,6.244041579587275e+119
aime_all_ols,AIME,all_ols,136,1.4285714285714286,5.0,1.5246684777711281,4.5936204295598975,finite_power_law_stop,0.9473297888610269,1.055598601203387,4.8647629912502404e+119,9.47329788861027e+119,1.947329788861027,1.0,3.7333215664081385e+119,4.8099541118776986e+119,5.5831833339605885e+119
aime_open_ols,AIME,open_ols,66,1.49,3.4,0.7782556500314759,2.177670331336441,finite_power_law_stop,0.6359464571043866,1.5724594245767711,3.887330507319948e+119,6.359464571043866e+119,1.6359464571043865,0.975,1.4996575727529842e+119,3.7308045236245e+119,5.206308323698238e+119
aime_open_ols,AIME,open_ols,66,1.49,5.0,0.7782556500314759,2.177670331336441,finite_power_law_stop,0.48355742338295526,2.068006717804115,3.25944527499515e+119,4.8355742338295524e+119,1.4835574233829552,0.975,1.182920562079604e+119,3.1153174175046506e+119,4.523040515170529e+119
aime_open_ols,AIME,open_ols,66,1.4285714285714286,3.4,0.8203568260501113,2.2713101555839077,finite_power_law_stop,0.6703491546343003,1.491759918076627,4.013227730109301e+119,6.703491546343004e+119,1.6703491546343003,0.9775,1.6422759594407512e+119,3.857100914703096e+119,5.281387519762875e+119
aime_open_ols,AIME,open_ols,66,1.4285714285714286,5.0,0.8203568260501113,2.2713101555839077,finite_power_law_stop,0.5097163548293768,1.9618754441080106,3.376239206781219e+119,5.0971635482937684e+119,1.5097163548293768,0.9775,1.2999247718689888e+119,3.231517105178644e+119,4.597715835883389e+119
aime_pareto_all_ols,AIME,pareto_all_ols,52,1.49,3.4,1.881011912784984,6.560139793967638,finite_power_law_stop,1.5370564436742293,0.6505941952330441,6.058424311002814e+119,1.5370564436742294e+120,2.5370564436742296,1.0,4.4728439449196326e+119,6.078925984674751e+119,6.953103658934521e+119
aime_pareto_all_ols,AIME,pareto_all_ols,52,1.49,5.0,1.881011912784984,6.560139793967638,finite_power_law_stop,1.1687384137361083,0.8556234553832265,5.389024357818749e+119,1.1687384137361082e+120,2.1687384137361083,1.0,3.809322857099457e+119,5.410370298714715e+119,6.343954948398209e+119
aime_pareto_all_ols,AIME,pareto_all_ols,52,1.4285714285714286,3.4,1.9231130888036194,6.842225805108247,finite_power_law_stop,1.5714591412041432,0.6363512571085634,6.111157342629493e+119,1.5714591412041433e+120,2.5714591412041434,1.0,4.575981235693865e+119,6.13111552070173e+119,6.984710376745387e+119
aime_pareto_all_ols,AIME,pareto_all_ols,52,1.4285714285714286,5.0,1.9231130888036194,6.842225805108247,finite_power_law_stop,1.1948973451825298,0.8368919757263686,5.4439782698956284e+119,1.1948973451825298e+120,2.1948973451825298,1.0,3.9079780256289626e+119,5.464819601379268e+119,6.378589490792503e+119
aime_pareto_open_ols,AIME,pareto_open_ols,35,1.49,3.4,1.359874834140285,3.895705661929548,finite_power_law_stop,1.1112127266174723,0.8999176989666026,5.263385885314491e+119,1.1112127266174723e+120,2.111212726617472,0.9875,2.540556458155266e+119,5.4084340450645725e+119,6.811719709072814e+119
aime_pareto_open_ols,AIME,pareto_open_ols,35,1.49,5.0,1.359874834140285,3.895705661929548,finite_power_law_stop,0.844937741079817,1.183519153401783,4.579762895333728e+119,8.44937741079817e+119,1.844937741079817,0.9875,2.0570013454277275e+119,4.724763922520523e+119,6.189794431338645e+119
aime_pareto_open_ols,AIME,pareto_open_ols,35,1.4285714285714286,3.4,1.4019760101589205,4.063221005392519,finite_power_law_stop,1.1456154241473862,0.8728932754586828,5.339332534872251e+119,1.1456154241473862e+120,2.145615424147386,0.9925,2.659807502001642e+119,5.471063657166449e+119,6.845738132406618e+119
aime_pareto_open_ols,AIME,pareto_open_ols,35,1.4285714285714286,5.0,1.4019760101589205,4.063221005392519,finite_power_law_stop,0.8710966725262386,1.147978211304531,4.655540706777795e+119,8.710966725262385e+119,1.8710966725262386,0.9925,2.1601391441476434e+119,4.7877317686381966e+119,6.226772833551948e+119
aime_pareto_open_robust,AIME,pareto_open_robust,35,1.49,3.4,1.1861333169315165,3.274395647459084,finite_power_law_stop,0.9692409949424262,1.0317351465921032,4.921901369267216e+119,9.692409949424262e+119,1.9692409949424263,0.9675,1.5358362673893165e+119,5.050994252363153e+119,6.886705246832225e+119
aime_pareto_open_robust,AIME,pareto_open_robust,35,1.49,5.0,1.1861333169315165,3.274395647459084,finite_power_law_stop,0.7369860668546191,1.3568777551899962,4.242901430920359e+119,7.36986066854619e+119,1.736986066854619,0.9675,1.2124312262716916e+119,4.3695092783929645e+119,6.271407502091512e+119
aime_pareto_open_robust,AIME,pareto_open_robust,35,1.4285714285714286,3.4,1.2282344929501519,3.4151946602998247,finite_power_law_stop,1.00364369247234,0.9963695358226541,5.009092665741991e+119,1.00364369247234e+120,2.00364369247234,0.97,1.7465532746363355e+119,5.129097464356687e+119,6.91807508196653e+119
aime_pareto_open_robust,AIME,pareto_open_robust,35,1.4285714285714286,5.0,1.2282344929501519,3.4151946602998247,finite_power_law_stop,0.7631449983010407,1.3103669711866817,4.328316724015348e+119,7.631449983010407e+119,1.7631449983010405,0.97,1.3860517508862863e+119,4.44654322029853e+119,6.30565159709354e+119
aime_pareto_open_linear_score,AIME,pareto_open_linear_score,35,1.49,3.4,1.0482635094444952,2.8526931398727275,finite_power_law_stop,0.8565815936139695,1.1674311092547993,4.613756791300359e+119,8.565815936139695e+119,1.8565815936139693,0.96,2.000264166828194e+119,4.657778616904972e+119,6.604543804194192e+119
aime_pareto_open_linear_score,AIME,pareto_open_linear_score,35,1.49,5.0,1.0482635094444952,2.8526931398727275,finite_power_law_stop,0.6513227390419245,1.5353371532382991,3.9442485932205675e+119,6.513227390419245e+119,1.6513227390419245,0.96,1.5975286770564194e+119,3.98661083576084e+119,5.966140812869045e+119
aime_pareto_open_linear_score,AIME,pareto_open_linear_score,35,1.4285714285714286,3.4,1.0903646854631306,2.9753589448872546,finite_power_law_stop,0.8909842911438833,1.1223542434358271,4.711748771878556e+119,8.909842911438833e+119,1.8909842911438832,0.975,1.8483494650799233e+119,4.709100764053876e+119,6.63540110874504e+119
aime_pareto_open_linear_score,AIME,pareto_open_linear_score,35,1.4285714285714286,5.0,1.0903646854631306,2.9753589448872546,finite_power_law_stop,0.677481670488346,1.476054694260842,4.038682999684393e+119,6.774816704883459e+119,1.677481670488346,0.975,1.4705852153946399e+119,4.0361251296963495e+119,5.999288144832966e+119
swe_all_ols,SWE-bench Verified,all_ols,31,1.49,3.4,-0.19613104335398276,0.8219045224955764,Non-positive hardware-adjusted improvement; incompatible with positive k0 calibration,-0.16026718488212405,,,,,0.4825,4.566328779977057e+118,4.678635505447671e+119,6.884739605843713e+119
swe_all_ols,SWE-bench Verified,all_ols,31,1.49,5.0,-0.19613104335398276,0.8219045224955764,Non-positive hardware-adjusted improvement; incompatible with positive k0 calibration,-0.12186306898745528,,,,,0.4825,3.5105326509415267e+118,4.0067160268441906e+119,6.2692578129837504e+119
swe_all_ols,SWE-bench Verified,all_ols,31,1.4285714285714286,3.4,-0.15402986733534738,0.8572464169628862,Non-positive hardware-adjusted improvement; incompatible with positive k0 calibration,-0.12586448735221023,,,,,0.5,4.384438615784467e+118,4.6473565693820185e+119,6.913433084034373e+119
swe_all_ols,SWE-bench Verified,all_ols,31,1.4285714285714286,5.0,-0.15402986733534738,0.8572464169628862,Non-positive hardware-adjusted improvement; incompatible with positive k0 calibration,-0.09570413754103375,,,,,0.5,3.3692162065431987e+118,3.976580052310061e+119,6.300573140916478e+119
swe_open_ols,SWE-bench Verified,open_ols,9,1.49,3.4,-4.572301231586676,0.010334151058663912,Non-positive hardware-adjusted improvement; incompatible with positive k0 calibration,-3.736225710566918,,,,,0.3143712574850299,6.019120613628518e+118,4.0289753686707635e+119,5.2341140349131844e+119
swe_open_ols,SWE-bench Verified,open_ols,9,1.49,5.0,-4.572301231586676,0.010334151058663912,Non-positive hardware-adjusted improvement; incompatible with positive k0 calibration,-2.84093048651474,,,,,0.3143712574850299,4.643764036286578e+118,3.390903059907118e+119,4.5506403193461965e+119
swe_open_ols,SWE-bench Verified,open_ols,9,1.4285714285714286,3.4,-4.530200055568041,0.010778519554186456,Non-positive hardware-adjusted improvement; incompatible with positive k0 calibration,-3.7018230130370045,,,,,0.3143712574850299,8.962539919450634e+118,4.149162886880555e+119,5.310994653959756e+119
swe_open_ols,SWE-bench Verified,open_ols,9,1.4285714285714286,5.0,-4.530200055568041,0.010778519554186456,Non-positive hardware-adjusted improvement; incompatible with positive k0 calibration,-2.8147715550683183,,,,,0.3143712574850299,6.964458619405431e+118,3.503223818264208e+119,4.627228863665807e+119
swe_pareto_all_ols,SWE-bench Verified,pareto_all_ols,17,1.49,3.4,1.326492983584197,3.7678064310186277,finite_power_law_stop,1.0839349682203778,0.9225645719704166,5.201385766591498e+119,1.0839349682203778e+120,2.083934968220378,0.9825,2.3738296985392874e+119,5.246115765978264e+119,7.613079945163646e+119
swe_pareto_all_ols,SWE-bench Verified,pareto_all_ols,17,1.49,5.0,1.326492983584197,3.7678064310186277,finite_power_law_stop,0.8241964311490713,1.2133029969637559,4.5181342155674834e+119,8.241964311490712e+119,1.8241964311490713,0.9825,1.9138901040760042e+119,4.5625751945839204e+119,7.080476160039147e+119
swe_pareto_all_ols,SWE-bench Verified,pareto_all_ols,17,1.4285714285714286,3.4,1.3685941596028324,3.9298221075524284,finite_power_law_stop,1.1183376657502915,0.8941843153687408,5.279317286529901e+119,1.1183376657502914e+120,2.1183376657502917,0.985,2.5166541224579044e+119,5.311553881308907e+119,7.631744172652563e+119
swe_pareto_all_ols,SWE-bench Verified,pareto_all_ols,17,1.4285714285714286,5.0,1.3685941596028324,3.9298221075524284,finite_power_law_stop,0.8503553625954928,1.175978942436201,4.595632708101539e+119,8.503553625954929e+119,1.8503553625954927,0.985,2.0364130696404005e+119,4.627790503437735e+119,7.10171940000011e+119
