model,license,date,score,price,cluster,date_audit_flag,t
DeepSeek R1 0528 (May '25) 06/01/2025,Open,2025-06-01,0.33299999999999996,35.5345,deepseek r1 0528 (may '25),,1.4154688569472964
Kimi K2 07/01/2025,Open,2025-07-01,0.16399999999999998,178.42399999999998,kimi k2,,1.4976043805612593
Kimi K2 09/01/2025,Open,2025-09-01,0.16399999999999998,156.46,kimi k2,,1.6673511293634498
DeepSeek R1 0528 (May '25) 09/01/2025,Open,2025-09-01,0.33299999999999996,24.2838,deepseek r1 0528 (may '25),,1.6673511293634498
DeepSeek V3.1 (Non-reasoning) 09/01/2025,Open,2025-09-01,0.521,88.96,deepseek v3.1,,1.6673511293634498
fireworks/kimi-k2p5 01/01/2026,Open,2026-01-01,0.737,331.625,fireworks/kimi-k2p5,,2.001368925393566
glm-5 02/01/2026,Open,2026-02-01,0.7206999999999999,883.1472584,glm-5,,2.086242299794661
fireworks/kimi-k2p5 02/01/2026,Open,2026-02-01,0.737,278.325,fireworks/kimi-k2p5,,2.086242299794661
fireworks/kimi-k2p5 03/01/2026,Open,2026-03-01,0.737,250.4925,fireworks/kimi-k2p5,,2.16290212183436
