log10_H,p,log10_x,x_over_N,log10_a_at_stop,log10_k_at_stop,residual_log_optimality
3,0.05,117.07019146738305,0.0011754156461534575,2.989669181252897,-119.9994892232246,-1.2993078835066285e-14
3,0.1,113.18138314383343,1.518389332120019e-07,2.999999340571402,-119.99999993405719,2.0096604180184227e-15
3,0.25,102.99750549689801,9.942726584573364e-18,3.0,-120.00000000000001,-9.942726584573364e-18
3,0.5,90.36520215922869,2.3184736223896004e-30,3.0,-120.00000000000001,-2.3184736223896004e-30
3,1,74.499565488226,3.1591153825082198e-46,3.0,-120.00000000000003,-5.684341886080802e-14
3,2,58.6339288172233,4.3045605106835725e-62,3.0,-120.00000000000001,-4.3045605106835725e-62
12,0.05,118.69896997772881,0.04999999693673137,4.788301212976193,-119.97772360668921,6.24014728778377e-14
12,0.1,118.99455974900481,0.09875514909385194,10.099378471474775,-119.95484279647424,1.744160371686121e-13
12,0.25,108.39794000866958,2.4999999999857584e-12,11.999999999995657,-119.99999999999892,1.1104298866692567e-15
12,0.5,93.36563667100226,2.3207944168040448e-27,12.0,-120.00000000000001,-2.3207944168040448e-27
12,1,74.49999999999957,3.16227766016517e-46,12.0,-120.00000000000001,-3.16227766016517e-46
12,2,55.6343633289969,4.308869380059498e-65,12.0,-120.00000000000003,-5.684341886080802e-14
26.49063961843035,0.05,118.69897000433598,0.0499999999999947,4.788301242383622,-119.97772360528886,1.762479051592436e-14
26.49063961843035,0.1,118.99999999999991,0.09999999999997822,10.10602694549325,-119.95424250943927,1.898897705743252e-13
26.49063961843035,0.25,117.091319586386,0.001234012578013331,26.488491490815964,-119.99946374420536,3.0507757778353017e-13
26.49063961843035,0.5,98.19584987714613,1.5698200698184615e-22,26.49063961843035,-119.99999999999999,5.684341870382601e-14
26.49063961843035,1,74.50000000000009,3.162277660168855e-46,26.49063961843035,-120.00000000000016,-3.410605131648481e-13
26.49063961843035,2,50.80415012285387,6.370156804757721e-70,26.49063961843035,-120.00000000000001,-6.370156804757721e-70
60,0.05,118.69897000433598,0.0499999999999947,4.788301242383622,-119.97772360528886,1.762479051592436e-14
60,0.1,118.99999999999991,0.09999999999997822,10.10602694549325,-119.95424250943927,1.898897705743252e-13
60,0.25,119.39794000867202,0.24999999999998485,30.291687087797232,-119.8750612633917,2.631228568361621e-14
60,0.5,109.36563667100943,2.320794416842343e-11,59.99999999997985,-119.99999999998991,4.101414537774343e-14
60,1,74.49999999999999,3.162277660168226e-46,60.00000000000001,-119.99999999999996,1.1368683772161603e-13
60,2,39.63436332901748,4.308869380263694e-81,60.00000000000001,-120.00000000000006,-1.1368683772161603e-13
120,0.05,118.69897000433598,0.0499999999999947,4.788301242383622,-119.97772360528886,1.762479051592436e-14
120,0.1,118.99999999999991,0.09999999999997822,10.10602694549325,-119.95424250943927,1.898897705743252e-13
120,0.25,119.39794000867205,0.24999999999999906,30.291687087797236,-119.8750612633917,7.327471962526033e-15
120,0.5,119.69897000433605,0.5000000000000275,90.69897000433605,-119.69897000433603,-5.3179682879545e-14
120,1,74.5,3.162277660168316e-46,120.00000000000001,-120.00000000000003,-5.684341886080802e-14
120,2,29.301029995757546,2.0000000004307966e-91,120.00000000000001,-119.99999999999993,1.7053025658242404e-13
