Date,Test runs (cumulative)
2013-02-13,8
2013-02-14,9
2013-02-15,12
2013-02-16,13
2013-02-17,16
2013-02-18,20
2013-02-19,22
2013-02-20,28
2013-02-21,30
2013-02-22,35
2013-02-23,36
2013-02-24,39
2013-02-25,46
2013-02-26,50
2013-02-27,55
2013-02-28,60
2013-03-02,64
2013-03-04,67
2013-03-06,73
2013-03-07,75
2013-03-08,78
2013-03-09,79
2013-03-10,81
2013-03-11,91
2013-03-13,93
2013-03-14,99
2013-03-15,101
2013-03-16,102
2013-03-17,103
2013-03-18,107
2013-03-19,114
2013-03-20,119
2013-03-21,121
2013-03-22,127
2013-03-23,128
2013-03-24,136
2013-03-25,147
2013-03-26,155
2013-03-27,156
2013-03-28,159
2013-03-29,164
2013-03-30,173
2013-03-31,179
2013-04-01,183
2013-04-02,186
2013-04-03,192
2013-04-04,197
2013-04-05,211
2013-04-06,221
2013-04-07,225
2013-04-08,226
2013-04-09,236
2013-04-10,245
2013-04-11,255
2013-04-12,261
2013-04-13,269
2013-04-14,276
2013-04-15,278
2013-04-16,281
2013-04-17,288
2013-04-18,294
2013-04-19,302
2013-04-20,309
2013-04-21,314
2013-04-22,318
2013-04-23,323
2013-04-24,332
2013-04-25,340
2013-04-26,344
2013-04-27,348
2013-04-28,351
2013-04-29,353
2013-04-30,355
2013-05-01,364
2013-05-02,368
2013-05-03,373
2013-05-04,377
2013-05-05,384
2013-05-06,386
2013-05-08,390
2013-05-09,397
2013-05-10,398
2013-05-11,401
2013-05-12,405
2013-05-13,408
2013-05-14,412
2013-05-15,419
2013-05-16,428
2013-05-17,435
2013-05-18,440
2013-05-19,446
2013-05-20,449
2013-05-21,457
2013-05-22,461
2013-05-23,468
2013-05-24,477
2013-05-25,489
2013-05-26,501
2013-05-27,506
2013-05-28,515
2013-05-29,530
2013-05-30,535
2013-05-31,548
2013-06-01,553
2013-06-02,556
2013-06-03,561
2013-06-04,569
2013-06-05,572
2013-06-06,574
2013-06-07,575
2013-06-08,583
2013-06-09,589
2013-06-10,597
2013-06-11,599
2013-06-12,605
2013-06-13,613
2013-06-14,622
2013-06-15,628
2013-06-16,636
2013-06-17,644
2013-06-18,650
2013-06-19,663
2013-06-20,669
2013-06-21,680
2013-06-22,687
2013-06-23,695
2013-06-24,712
2013-06-25,714
2013-06-26,717
2013-06-27,729
2013-06-28,740
2013-06-29,746
2013-06-30,757
2013-07-01,761
2013-07-02,768
2013-07-03,774
2013-07-04,779
2013-07-05,789
2013-07-06,793
2013-07-07,803
2013-07-08,809
2013-07-09,810
2013-07-10,820
2013-07-11,833
2013-07-12,838
2013-07-13,845
2013-07-14,859
2013-07-15,863
2013-07-16,865
2013-07-17,873
2013-07-18,874
2013-07-19,886
2013-07-20,891
2013-07-21,897
2013-07-22,901
2013-07-23,906
2013-07-24,909
2013-07-25,914
2013-07-26,920
2013-07-27,928
2013-07-28,943
2013-07-29,953
2013-07-30,963
2013-07-31,966
2013-08-01,975
2013-08-02,988
2013-08-03,1000
2013-08-04,1010
2013-08-05,1016
2013-08-06,1018
2013-08-07,1022
2013-08-08,1023
2013-08-09,1029
2013-08-10,1033
2013-08-11,1038
2013-08-12,1042
2013-08-13,1050
2013-08-14,1055
2013-08-15,1069
2013-08-16,1083
2013-08-17,1088
2013-08-18,1095
2013-08-19,1102
2013-08-20,1111
2013-08-21,1116
2013-08-22,1143
2013-08-23,1159
2013-08-24,1168
2013-08-25,1188
2013-08-26,1201
2013-08-27,1215
2013-08-28,1234
2013-08-29,1245
2013-08-30,1272
2013-08-31,1302
2013-09-01,1317
2013-09-02,1357
2013-09-03,1381
2013-09-04,1393
2013-09-05,1412
2013-09-06,1430
2013-09-07,1452
2013-09-08,1473
2013-09-09,1490
2013-09-10,1503
2013-09-11,1523
2013-09-12,1535
2013-09-13,1553
2013-09-14,1566
2013-09-15,1575
2013-09-16,1593
2013-09-17,1612
2013-09-18,1628
2013-09-19,1645
2013-09-20,1664
2013-09-21,1671
2013-09-22,1684
2013-09-23,1696
2013-09-24,1709
2013-09-25,1721
2013-09-26,1739
2013-09-27,1752
2013-09-28,1763
2013-09-29,1774
2013-09-30,1783
2013-10-01,1795
2013-10-02,1805
2013-10-03,1813
2013-10-04,1820
2013-10-05,1830
2013-10-06,1839
2013-10-07,1852
2013-10-08,1864
2013-10-09,1878
2013-10-10,1895
2013-10-11,1901
2013-10-12,1909
2013-10-13,1919
2013-10-14,1928
2013-10-15,1936
2013-10-16,1942
2013-10-17,1947
2013-10-18,1956
2013-10-19,1967
2013-10-20,1986
2013-10-21,1990
2013-10-22,1997
2013-10-23,2011
2013-10-24,2018
2013-10-25,2036
2013-10-26,2051
2013-10-27,2066
2013-10-28,2081
2013-10-29,2087
2013-10-30,2099
2013-10-31,2112
2013-11-01,2126
2013-11-02,2139
2013-11-03,2145
2013-11-04,2158
2013-11-05,2168
2013-11-06,2177
2013-11-07,2185
2013-11-08,2196
2013-11-09,2205
2013-11-10,2216
2013-11-11,2228
2013-11-12,2239
2013-11-13,2255
2013-11-14,2261
2013-11-15,2271
2013-11-16,2287
2013-11-17,2298
2013-11-18,2305
2013-11-19,2317
2013-11-20,2332
2013-11-21,2336
2013-11-22,2352
2013-11-23,2357
2013-11-24,2364
2013-11-25,2374
2013-11-26,2380
2013-11-27,2387
2013-11-28,2390
2013-11-29,2394
2013-11-30,2415
2013-12-01,2427
2013-12-02,2433
2013-12-03,2442
2013-12-04,2454
2013-12-05,2468
2013-12-06,2475
2013-12-07,2487
2013-12-08,2496
2013-12-09,2503
2013-12-10,2511
2013-12-11,2519
2013-12-12,2521
2013-12-13,2526
2013-12-14,2540
2013-12-15,2550
2013-12-16,2559
2013-12-17,2566
2013-12-18,2574
2013-12-19,2583
2013-12-20,2596
2013-12-21,2606
2013-12-22,2615
2013-12-23,2623
2013-12-24,2638
2013-12-25,2656
2013-12-26,2673
2013-12-27,2692
2013-12-28,2699
2013-12-29,2719
2013-12-30,2732
2013-12-31,2744
2014-01-01,2757
2014-01-02,2765
2014-01-03,2779
2014-01-04,2786
2014-01-05,2795
2014-01-06,2807
2014-01-07,2826
2014-01-08,2845
2014-01-09,2863
2014-01-10,2895
2014-01-11,2907
2014-01-12,2923
2014-01-13,2933
2014-01-14,2945
2014-01-15,2956
2014-01-16,2974
2014-01-17,2986
2014-01-18,3004
2014-01-19,3042
2014-01-20,3058
2014-01-21,3072
2014-01-22,3083
2014-01-23,3090
2014-01-24,3100
2014-01-25,3117
2014-01-26,3141
2014-01-27,3153
2014-01-28,3172
2014-01-29,3181
2014-01-30,3189
2014-01-31,3203
2014-02-01,3212
2014-02-02,3222
2014-02-03,3241
2014-02-04,3252
2014-02-05,3255
2014-02-06,3262
2014-02-07,3277
2014-02-08,3286
2014-02-09,3298
2014-02-10,3310
2014-02-11,3318
2014-02-12,3323
2014-02-13,3336
2014-02-14,3350
2014-02-15,3364
2014-02-16,3373
2014-02-17,3386
2014-02-18,3389
2014-02-19,3399
2014-02-20,3403
2014-02-21,3413
2014-02-22,3423
2014-02-23,3436
2014-02-24,3442
2014-02-25,3450
2014-02-26,3457
2014-02-27,3468
2014-02-28,3469
2014-03-01,3477
2014-03-02,3480
2014-03-03,3487
2014-03-04,3496
2014-03-05,3501
2014-03-06,3508
2014-03-07,3513
2014-03-08,3526
2014-03-09,3528
2014-03-10,3538
2014-03-11,3542
2014-03-12,3549
2014-03-13,3560
2014-03-14,3575
2014-03-15,3590
2014-03-16,3597
2014-03-17,3607
2014-03-18,3616
2014-03-19,3625
2014-03-20,3633
2014-03-21,3653
2014-03-22,3665
2014-03-23,3678
2014-03-24,3686
2014-03-25,3699
2014-03-26,3706
2014-03-27,3712
2014-03-28,3731
2014-03-29,3746
2014-03-30,3761
2014-03-31,3770
2014-04-01,3787
2014-04-02,3793
2014-04-03,3811
2014-04-04,3825
2014-04-05,3838
2014-04-06,3850
2014-04-07,3865
2014-04-08,3886
2014-04-09,3888
2014-04-10,3905
2014-04-11,3923
2014-04-12,3940
2014-04-13,3952
2014-04-14,3956
2014-04-15,3962
2014-04-16,3976
2014-04-17,3985
2014-04-18,3998
2014-04-19,4010
2014-04-20,4021
2014-04-21,4035
2014-04-22,4044
2014-04-23,4056
2014-04-24,4068
2014-04-25,4083
2014-04-26,4097
2014-04-27,4103
2014-04-28,4121
2014-04-29,4126
2014-04-30,4140
2014-05-01,4163
2014-05-02,4176
2014-05-03,4185
2014-05-04,4195
2014-05-05,4200
2014-05-06,4210
2014-05-07,4221
2014-05-08,4229
2014-05-09,4240
2014-05-10,4265
2014-05-11,4282
2014-05-12,4290
2014-05-13,4305
2014-05-14,4316
2014-05-15,4333
2014-05-16,4347
2014-05-17,4360
2014-05-18,4371
2014-05-19,4382
2014-05-20,4386
2014-05-21,4393
2014-05-22,4403
2014-05-23,4411
2014-05-24,4419
2014-05-25,4430
2014-05-26,4439
2014-05-27,4450
2014-05-28,4461
2014-05-29,4471
2014-05-30,4487
2014-05-31,4496
2014-06-01,4503
2014-06-02,4514
2014-06-03,4528
2014-06-04,4536
2014-06-05,4545
2014-06-06,4556
2014-06-07,4567
2014-06-08,4576
2014-06-09,4586
2014-06-10,4601
2014-06-11,4618
2014-06-12,4633
2014-06-13,4647
2014-06-14,4661
2014-06-15,4697
2014-06-16,4710
2014-06-17,4721
2014-06-18,4739
2014-06-19,4749
2014-06-20,4758
2014-06-21,4768
2014-06-22,4779
2014-06-23,4786
2014-06-24,4793
2014-06-25,4801
2014-06-26,4811
2014-06-27,4818
2014-06-28,4827
2014-06-29,4833
2014-06-30,4839
2014-07-01,4847
2014-07-02,4852
2014-07-03,4868
2014-07-04,4874
2014-07-05,4878
2014-07-06,4891
2014-07-07,4896
2014-07-08,4898
2014-07-09,4904
2014-07-10,4907
2014-07-11,4920
2014-07-12,4936
2014-07-13,4948
2014-07-14,4966
2014-07-15,4973
2014-07-16,4979
2014-07-17,4993
2014-07-18,4998
2014-07-19,5007
2014-07-20,5018
2014-07-21,5022
2014-07-22,5027
2014-07-23,5035
2014-07-24,5042
2014-07-25,5049
2014-07-26,5055
2014-07-27,5062
2014-07-28,5066
2014-07-29,5070
2014-07-30,5071
2014-07-31,5073
2014-08-01,5077
2014-08-02,5081
2014-08-03,5085
2014-08-04,5092
2014-08-05,5098
2014-08-06,5100
2014-08-08,5107
2014-08-09,5109
2014-08-10,5120
2014-08-11,5129
2014-08-12,5133
2014-08-13,5135
2014-08-14,5139
2014-08-15,5145
2014-08-17,5148
2014-08-18,5150
2014-08-19,5152
2014-08-20,5154
2014-08-21,5156
2014-08-22,5157
2014-08-23,5159
2014-08-24,5163
2014-08-25,5165
2014-08-27,5166
2014-08-28,5167
2014-08-30,5175
2014-08-31,5177
2014-09-01,5183
2014-09-02,5186
2014-09-03,5188
2014-09-04,5191
2014-09-05,5194
2014-09-06,5195
2014-09-07,5200
2014-09-08,5202
2014-09-09,5209
2014-09-11,5212
2014-09-12,5218
2014-09-13,5230
2014-09-14,5242
2014-09-15,5248
2014-09-16,5253
2014-09-17,5262
2014-09-18,5274
2014-09-19,5276
2014-09-20,5284
2014-09-21,5292
2014-09-22,5295
2014-09-23,5296
2014-09-24,5302
2014-09-25,5306
2014-09-26,5314
2014-09-27,5322
2014-09-28,5340
2014-09-29,5353
2014-09-30,5363
2014-10-01,5369
2014-10-02,5378
2014-10-03,5398
2014-10-04,5410
2014-10-05,5417
2014-10-06,5425
2014-10-07,5441
2014-10-08,5456
2014-10-09,5460
2014-10-10,5469
2014-10-11,5481
2014-10-12,5491
2014-10-13,5496
2014-10-14,5504
2014-10-15,5510
2014-10-16,5521
2014-10-17,5531
2014-10-18,5535
2014-10-19,5542
2014-10-20,5551
2014-10-21,5561
2014-10-22,5566
2014-10-23,5574
2014-10-24,5580
2014-10-25,5584
2014-10-26,5588
2014-10-27,5593
2014-10-28,5602
2014-10-29,5617
2014-10-30,5625
2014-10-31,5633
2014-11-01,5642
2014-11-02,5655
2014-11-03,5658
2014-11-04,5668
2014-11-05,5669
2014-11-06,5674
2014-11-07,5677
2014-11-08,5689
2014-11-09,5701
2014-11-10,5705
2014-11-11,5709
2014-11-12,5715
2014-11-13,5721
2014-11-14,5726
2014-11-15,5736
2014-11-16,5742
2014-11-17,5751
2014-11-18,5760
2014-11-19,5766
2014-11-20,5771
2014-11-21,5777
2014-11-22,5788
2014-11-23,5797
2014-11-24,5806
2014-11-25,5812
2014-11-26,5816
2014-11-27,5822
2014-11-28,5824
2014-11-29,5831
2014-11-30,5836
2014-12-01,5846
2014-12-02,5850
2014-12-03,5856
2014-12-04,5867
2014-12-05,5874
2014-12-06,5880
2014-12-07,5887
2014-12-08,5890
2014-12-09,5896
2014-12-10,5902
2014-12-11,5910
2014-12-12,5919
2014-12-13,5930
2014-12-14,5945
2014-12-15,5953
2014-12-16,5960
2014-12-17,5967
2014-12-18,5971
2014-12-19,5977
2014-12-20,5978
2014-12-21,5983
2014-12-22,5987
2014-12-23,5994
2014-12-24,5997
2014-12-25,6003
2014-12-26,6007
2014-12-27,6012
2014-12-28,6027
2014-12-29,6038
2014-12-30,6044
2014-12-31,6054
2015-01-01,6062
2015-01-02,6071
2015-01-03,6074
2015-01-04,6079
2015-01-05,6090
2015-01-06,6097
2015-01-07,6103
2015-01-08,6111
2015-01-09,6115
2015-01-10,6122
2015-01-11,6131
2015-01-12,6136
2015-01-13,6139
2015-01-14,6143
2015-01-15,6153
2015-01-16,6159
2015-01-17,6168
2015-01-18,6177
2015-01-19,6180
2015-01-20,6187
2015-01-21,6190
2015-01-22,6192
2015-01-23,6195
2015-01-24,6203
2015-01-25,6211
2015-01-26,6232
2015-01-27,6246
2015-01-28,6256
2015-01-29,6263
2015-01-30,6270
2015-01-31,6282
2015-02-01,6295
2015-02-02,6302
2015-02-03,6313
2015-02-04,6327
2015-02-05,6335
2015-02-06,6346
2015-02-07,6363
2015-02-08,6374
2015-02-09,6384
2015-02-10,6390
2015-02-11,6399
2015-02-12,6406
2015-02-13,6414
2015-02-14,6428
2015-02-15,6439
2015-02-16,6448
2015-02-17,6456
2015-02-18,6465
2015-02-19,6478
2015-02-20,6485
2015-02-21,6496
2015-02-22,6509
2015-02-23,6523
2015-02-24,6532
2015-02-25,6535
2015-02-26,6542
2015-02-27,6547
2015-02-28,6556
2015-03-01,6566
2015-03-02,6573
2015-03-03,6580
2015-03-04,6586
2015-03-05,6589
2015-03-06,6594
2015-03-07,6612
2015-03-08,6618
2015-03-09,6631
2015-03-10,6636
2015-03-11,6643
2015-03-12,6656
2015-03-13,6664
2015-03-14,6674
2015-03-15,6683
2015-03-16,6690
2015-03-17,6691
2015-03-18,6699
2015-03-19,6710
2015-03-20,6720
2015-03-21,6736
2015-03-22,6746
2015-03-23,6755
2015-03-24,6765
2015-03-25,6771
2015-03-26,6777
2015-03-27,6781
2015-03-28,6805
2015-03-29,6852
2015-03-30,6863
2015-03-31,6877
2015-04-01,6892
2015-04-02,6901
2015-04-03,6911
2015-04-04,6921
2015-04-05,6931
2015-04-06,6935
2015-04-07,6939
2015-04-08,6944
2015-04-09,6952
2015-04-10,6964
2015-04-11,6978
2015-04-12,6985
2015-04-13,6993
2015-04-14,7003
2015-04-15,7026
2015-04-16,7036
2015-04-17,7073
2015-04-18,7090
2015-04-19,7097
2015-04-20,7105
2015-04-21,7111
2015-04-22,7119
2015-04-23,7126
2015-04-24,7131
2015-04-25,7133
2015-04-26,7139
2015-04-27,7142
2015-04-28,7146
2015-04-29,7150
2015-04-30,7154
2015-05-01,7160
2015-05-02,7164
2015-05-03,7171
2015-05-04,7179
2015-05-05,7184
2015-05-06,7191
2015-05-07,7200
2015-05-08,7210
2015-05-09,7221
2015-05-10,7237
2015-05-11,7246
2015-05-12,7253
2015-05-13,7260
2015-05-14,7268
2015-05-15,7278
2015-05-16,7290
2015-05-17,7297
2015-05-18,7302
2015-05-19,7315
2015-05-20,7319
2015-05-21,7331
2015-05-22,7342
2015-05-23,7360
2015-05-24,7380
2015-05-25,7397
2015-05-26,7405
2015-05-27,7410
2015-05-28,7417
2015-05-29,7420
2015-05-30,7429
2015-05-31,7436
2015-06-01,7443
2015-06-02,7461
2015-06-03,7467
2015-06-04,7476
2015-06-05,7482
2015-06-06,7489
2015-06-07,7498
2015-06-08,7505
2015-06-09,7507
2015-06-10,7512
2015-06-11,7518
2015-06-12,7522
2015-06-13,7524
2015-06-14,7531
2015-06-15,7538
2015-06-16,7543
2015-06-17,7555
2015-06-18,7559
2015-06-19,7568
2015-06-20,7579
2015-06-21,7583
2015-06-22,7587
2015-06-23,7592
2015-06-24,7600
2015-06-25,7607
2015-06-26,7613
2015-06-27,7623
2015-06-28,7636
2015-06-29,7644
2015-06-30,7658
2015-07-01,7663
2015-07-02,7669
2015-07-03,7675
2015-07-04,7679
2015-07-05,7685
2015-07-06,7692
2015-07-07,7699
2015-07-08,7707
2015-07-09,7712
2015-07-10,7721
2015-07-11,7731
2015-07-12,7743
2015-07-13,7754
2015-07-14,7762
2015-07-15,7768
2015-07-16,7772
2015-07-17,7778
2015-07-18,7791
2015-07-19,7804
2015-07-20,7816
2015-07-21,7826
2015-07-22,7832
2015-07-23,7843
2015-07-24,7854
2015-07-25,7859
2015-07-26,7869
2015-07-27,7876
2015-07-28,7883
2015-07-29,7889
2015-07-30,7899
2015-07-31,7906
2015-08-01,7909
2015-08-02,7922
2015-08-03,7934
2015-08-04,7943
2015-08-05,7946
2015-08-06,7953
2015-08-07,7965
2015-08-08,7974
2015-08-09,7984
2015-08-10,7988
2015-08-11,7994
2015-08-12,7996
2015-08-13,8004
2015-08-14,8014
2015-08-15,8022
2015-08-16,8030
2015-08-17,8033
2015-08-18,8040
2015-08-19,8046
2015-08-20,8050
2015-08-21,8055
2015-08-22,8065
2015-08-23,8082
2015-08-24,8086
2015-08-25,8094
2015-08-26,8105
2015-08-27,8112
2015-08-28,8117
2015-08-29,8120
2015-08-30,8133
2015-08-31,8137
2015-09-01,8147
2015-09-02,8153
2015-09-03,8165
2015-09-04,8175
2015-09-05,8180
2015-09-06,8183
2015-09-07,8197
2015-09-08,8208
2015-09-09,8221
2015-09-10,8234
2015-09-11,8246
2015-09-12,8259
2015-09-13,8277
2015-09-14,8287
2015-09-15,8303
2015-09-16,8322
2015-09-17,8337
2015-09-18,8353
2015-09-19,8364
2015-09-20,8379
2015-09-21,8389
2015-09-22,8398
2015-09-23,8407
2015-09-24,8418
2015-09-25,8431
2015-09-26,8449
2015-09-27,8464
2015-09-28,8475
2015-09-29,8489
2015-09-30,8497
2015-10-01,8507
2015-10-02,8515
2015-10-03,8529
2015-10-04,8543
2015-10-05,8556
2015-10-06,8574
2015-10-07,8586
2015-10-08,8596
2015-10-09,8606
2015-10-10,8618
2015-10-11,8626
2015-10-12,8639
2015-10-13,8655
2015-10-14,8661
2015-10-15,8680
2015-10-16,8712
2015-10-17,8732
2015-10-18,8750
2015-10-19,8766
2015-10-20,8787
2015-10-21,8810
2015-10-22,8821
2015-10-23,8846
2015-10-24,8865
2015-10-25,8889
2015-10-26,8918
2015-10-27,8943
2015-10-28,8964
2015-10-29,8984
2015-10-30,9007
2015-10-31,9023
2015-11-01,9044
2015-11-02,9065
2015-11-03,9089
2015-11-04,9111
2015-11-05,9126
2015-11-06,9141
2015-11-07,9157
2015-11-08,9178
2015-11-09,9195
2015-11-10,9216
2015-11-11,9231
2015-11-12,9246
2015-11-13,9260
2015-11-14,9274
2015-11-15,9293
2015-11-16,9305
2015-11-17,9314
2015-11-18,9329
2015-11-19,9339
2015-11-20,9346
2015-11-21,9357
2015-11-22,9371
2015-11-23,9391
2015-11-24,9403
2015-11-25,9411
2015-11-26,9415
2015-11-27,9427
2015-11-28,9444
2015-11-29,9468
2015-11-30,9472
2015-12-01,9483
2015-12-02,9491
2015-12-03,9500
2015-12-04,9508
2015-12-05,9523
2015-12-06,9533
2015-12-07,9548
2015-12-08,9557
2015-12-09,9568
2015-12-10,9577
2015-12-11,9585
2015-12-12,9595
2015-12-13,9607
2015-12-14,9614
2015-12-15,9625
2015-12-16,9635
2015-12-17,9641
2015-12-18,9658
2015-12-19,9668
2015-12-20,9679
2015-12-21,9694
2015-12-22,9704
2015-12-23,9718
2015-12-24,9729
2015-12-25,9741
2015-12-26,9748
2015-12-27,9761
2015-12-28,9775
2015-12-29,9781
2015-12-30,9796
2015-12-31,9809
2016-01-01,9820
2016-01-02,9831
2016-01-03,9846
2016-01-04,9857
2016-01-05,9871
2016-01-06,9884
2016-01-07,9896
2016-01-08,9901
2016-01-09,9914
2016-01-10,9925
2016-01-11,9934
2016-01-12,9946
2016-01-13,9958
2016-01-14,9966
2016-01-15,9979
2016-01-16,9996
2016-01-17,10007
2016-01-18,10015
2016-01-19,10025
2016-01-20,10028
2016-01-21,10031
2016-01-22,10040
2016-01-23,10051
2016-01-24,10069
2016-01-25,10085
2016-01-26,10093
2016-01-27,10099
2016-01-28,10107
2016-01-29,10119
2016-01-30,10134
2016-01-31,10145
2016-02-01,10155
2016-02-02,10166
2016-02-03,10177
2016-02-04,10191
2016-02-05,10205
2016-02-06,10215
2016-02-07,10230
2016-02-08,10244
2016-02-09,10259
2016-02-10,10273
2016-02-11,10288
2016-02-12,10298
2016-02-13,10317
2016-02-14,10330
2016-02-15,10341
2016-02-16,10348
2016-02-17,10359
2016-02-18,10372
2016-02-19,10389
2016-02-20,10400
2016-02-21,10407
2016-02-22,10419
2016-02-23,10424
2016-02-24,10429
2016-02-25,10438
2016-02-26,10448
2016-02-27,10453
2016-02-28,10460
2016-02-29,10475
2016-03-01,10488
2016-03-02,10503
2016-03-03,10514
2016-03-04,10531
2016-03-05,10545
2016-03-06,10553
2016-03-07,10567
2016-03-08,10575
2016-03-09,10586
2016-03-10,10597
2016-03-11,10608
2016-03-12,10618
2016-03-13,10627
2016-03-14,10641
2016-03-15,10659
2016-03-16,10661
2016-03-17,10670
2016-03-18,10681
2016-03-19,10689
2016-03-20,10706
2016-03-21,10715
2016-03-22,10723
2016-03-23,10731
2016-03-24,10738
2016-03-25,10751
2016-03-26,10764
2016-03-27,10774
2016-03-28,10784
2016-03-29,10791
2016-03-30,10801
2016-03-31,10810
2016-04-01,10820
2016-04-02,10834
2016-04-03,10844
2016-04-04,10858
2016-04-05,10870
2016-04-06,10882
2016-04-07,10892
2016-04-08,10909
2016-04-09,10918
2016-04-10,10933
2016-04-11,10938
2016-04-12,10951
2016-04-13,10965
2016-04-14,10978
2016-04-15,10989
2016-04-16,10992
2016-04-17,11006
2016-04-18,11019
2016-04-19,11030
2016-04-20,11038
2016-04-21,11052
2016-04-22,11067
2016-04-23,11084
2016-04-24,11093
2016-04-25,11101
2016-04-26,11113
2016-04-27,11132
2016-04-28,11144
2016-04-29,11155
2016-04-30,11172
2016-05-01,11181
2016-05-02,11188
2016-05-03,11194
2016-05-04,11204
2016-05-05,11215
2016-05-06,11221
2016-05-07,11231
2016-05-08,11239
2016-05-09,11244
2016-05-10,11252
2016-05-11,11258
2016-05-12,11265
2016-05-13,11277
2016-05-14,11290
2016-05-15,11301
2016-05-16,11313
2016-05-17,11322
2016-05-18,11330
2016-05-19,11340
2016-05-20,11348
2016-05-21,11360
2016-05-22,11363
2016-05-23,11370
2016-05-24,11379
2016-05-25,11386
2016-05-26,11390
2016-05-27,11401
2016-05-28,11410
2016-05-29,11415
2016-05-30,11422
2016-05-31,11440
2016-06-01,11446
2016-06-02,11454
2016-06-03,11463
2016-06-04,11475
2016-06-05,11488
2016-06-06,11501
2016-06-07,11507
2016-06-08,11517
2016-06-09,11533
2016-06-10,11554
2016-06-11,11567
2016-06-12,11579
2016-06-13,11588
2016-06-14,11602
2016-06-15,11623
2016-06-16,11641
2016-06-17,11661
2016-06-18,11672
2016-06-19,11680
2016-06-20,11694
2016-06-21,11715
2016-06-22,11737
2016-06-23,11751
2016-06-24,11768
2016-06-25,11789
2016-06-26,11802
2016-06-27,11815
2016-06-28,11827
2016-06-29,11838
2016-06-30,11843
2016-07-01,11854
2016-07-02,11866
2016-07-03,11869
2016-07-04,11880
2016-07-05,11892
2016-07-06,11902
2016-07-07,11914
2016-07-08,11926
2016-07-09,11943
2016-07-10,11958
2016-07-11,11970
2016-07-12,11984
2016-07-13,11994
2016-07-14,12007
2016-07-15,12019
2016-07-16,12035
2016-07-17,12044
2016-07-18,12053
2016-07-19,12063
2016-07-20,12073
2016-07-21,12085
2016-07-22,12097
2016-07-23,12110
2016-07-24,12123
2016-07-25,12138
2016-07-26,12153
2016-07-27,12167
2016-07-28,12175
2016-07-29,12186
2016-07-30,12199
2016-07-31,12215
2016-08-01,12230
2016-08-02,12247
2016-08-03,12262
2016-08-04,12278
2016-08-05,12297
2016-08-06,12310
2016-08-07,12318
2016-08-08,12337
2016-08-09,12352
2016-08-10,12368
2016-08-11,12378
2016-08-12,12397
2016-08-13,12422
2016-08-14,12440
2016-08-15,12467
2016-08-16,12482
2016-08-17,12498
2016-08-18,12521
2016-08-19,12545
2016-08-20,12558
2016-08-21,12585
2016-08-22,12610
2016-08-23,12632
2016-08-24,12657
2016-08-25,12682
2016-08-26,12709
2016-08-27,12723
2016-08-28,12732
2016-08-29,12750
2016-08-30,12777
2016-08-31,12797
2016-09-01,12814
2016-09-02,12835
2016-09-03,12862
2016-09-04,12879
2016-09-05,12895
2016-09-06,12918
2016-09-07,12930
2016-09-08,12951
2016-09-09,12965
2016-09-10,12980
2016-09-11,12994
2016-09-12,13009
2016-09-13,13016
2016-09-14,13029
2016-09-15,13045
2016-09-16,13068
2016-09-17,13089
2016-09-18,13097
2016-09-19,13112
2016-09-20,13128
2016-09-21,13160
2016-09-22,13180
2016-09-23,13199
2016-09-24,13218
2016-09-25,13246
2016-09-26,13265
2016-09-27,13284
2016-09-28,13301
2016-09-29,13319
2016-09-30,13346
2016-10-01,13363
2016-10-02,13377
2016-10-03,13390
2016-10-04,13408
2016-10-05,13426
2016-10-06,13444
2016-10-07,13460
2016-10-08,13481
2016-10-09,13492
2016-10-10,13508
2016-10-11,13515
2016-10-12,13530
2016-10-13,13542
2016-10-14,13555
2016-10-15,13566
2016-10-16,13579
2016-10-17,13594
2016-10-18,13607
2016-10-19,13623
2016-10-20,13634
2016-10-21,13648
2016-10-22,13660
2016-10-23,13667
2016-10-24,13685
2016-10-25,13703
2016-10-26,13721
2016-10-27,13742
2016-10-28,13761
2016-10-29,13777
2016-10-30,13794
2016-10-31,13806
2016-11-01,13819
2016-11-02,13835
2016-11-03,13848
2016-11-04,13862
2016-11-05,13871
2016-11-06,13883
2016-11-07,13892
2016-11-08,13901
2016-11-09,13916
2016-11-10,13926
2016-11-11,13942
2016-11-12,13957
2016-11-13,13967
2016-11-14,13984
2016-11-15,13999
2016-11-16,14009
2016-11-17,14035
2016-11-18,14052
2016-11-19,14071
2016-11-20,14090
2016-11-21,14111
2016-11-22,14129
2016-11-23,14151
2016-11-24,14172
2016-11-25,14193
2016-11-26,14216
2016-11-27,14233
2016-11-28,14261
2016-11-29,14290
2016-11-30,14313
2016-12-01,14330
2016-12-02,14347
2016-12-03,14359
2016-12-04,14379
2016-12-05,14405
2016-12-06,14430
2016-12-07,14456
2016-12-08,14483
2016-12-09,14510
2016-12-10,14527
2016-12-11,14547
2016-12-12,14579
2016-12-13,14594
2016-12-14,14620
2016-12-15,14648
2016-12-16,14667
2016-12-17,14687
2016-12-18,14711
2016-12-19,14738
2016-12-20,14760
2016-12-21,14784
2016-12-22,14803
2016-12-23,14810
2016-12-24,14818
2016-12-25,14833
2016-12-26,14855
2016-12-27,14874
2016-12-28,14893
2016-12-29,14910
2016-12-30,14931
2016-12-31,14955
2017-01-01,14976
2017-01-02,15006
2017-01-03,15032
2017-01-04,15057
2017-01-05,15083
2017-01-06,15110
2017-01-07,15133
2017-01-08,15154
2017-01-09,15176
2017-01-10,15203
2017-01-11,15220
2017-01-12,15241
2017-01-13,15270
2017-01-14,15285
2017-01-15,15299
2017-01-16,15325
2017-01-17,15360
2017-01-18,15385
2017-01-19,15406
2017-01-20,15422
2017-01-21,15443
2017-01-22,15466
2017-01-23,15491
2017-01-24,15513
2017-01-25,15542
2017-01-26,15564
2017-01-27,15591
2017-01-28,15628
2017-01-29,15646
2017-01-30,15671
2017-01-31,15697
2017-02-01,15728
2017-02-02,15744
2017-02-03,15764
2017-02-04,15785
2017-02-05,15809
2017-02-06,15828
2017-02-07,15851
2017-02-08,15870
2017-02-09,15885
2017-02-10,15892
2017-02-11,15902
2017-02-12,15915
2017-02-13,15927
2017-02-14,15937
2017-02-15,15957
2017-02-17,15982
2017-02-18,16007
2017-02-19,16030
2017-02-20,16063
2017-02-21,16086
2017-02-22,16114
2017-02-23,16136
2017-02-24,16156
2017-02-25,16177
2017-02-26,16199
2017-02-27,16224
2017-02-28,16247
2017-03-01,16270
2017-03-02,16289
2017-03-03,16307
2017-03-04,16331
2017-03-05,16358
2017-03-06,16381
2017-03-07,16405
2017-03-08,16423
2017-03-09,16445
2017-03-10,16467
2017-03-11,16480
2017-03-12,16490
2017-03-13,16515
2017-03-14,16534
2017-03-15,16552
2017-03-16,16574
2017-03-17,16598
2017-03-18,16619
2017-03-19,16646
2017-03-20,16662
2017-03-21,16676
2017-03-22,16685
2017-03-23,16701
2017-03-24,16716
2017-03-25,16735
2017-03-26,16757
2017-03-27,16785
2017-03-28,16807
2017-03-29,16821
2017-03-30,16834
2017-03-31,16854
2017-04-01,16868
2017-04-02,16885
2017-04-03,16896
2017-04-04,16916
2017-04-05,16930
2017-04-06,16951
2017-04-07,16973
2017-04-08,16992
2017-04-09,17016
2017-04-10,17034
2017-04-11,17054
2017-04-12,17078
2017-04-13,17105
2017-04-14,17132
2017-04-15,17151
2017-04-16,17171
2017-04-17,17196
2017-04-18,17218
2017-04-19,17235
2017-04-20,17254
2017-04-21,17273
2017-04-22,17302
2017-04-23,17319
2017-04-24,17338
2017-04-25,17353
2017-04-26,17372
2017-04-27,17397
2017-04-28,17414
2017-04-29,17428
2017-04-30,17449
2017-05-01,17461
2017-05-02,17479
2017-05-03,17493
2017-05-04,17513
2017-05-05,17529
2017-05-06,17547
2017-05-07,17564
2017-05-08,17578
2017-05-09,17594
2017-05-10,17618
2017-05-11,17631
2017-05-12,17647
2017-05-13,17675
2017-05-14,17687
2017-05-15,17702
2017-05-16,17733
2017-05-17,17759
2017-05-18,17792
2017-05-19,17812
2017-05-20,17842
2017-05-21,17863
2017-05-22,17898
2017-05-23,17928
2017-05-24,17956
2017-05-25,17970
2017-05-26,17986
2017-05-27,18004
2017-05-28,18015
2017-05-29,18037
2017-05-30,18063
2017-05-31,18083
2017-06-01,18104
2017-06-02,18119
2017-06-03,18127
2017-06-04,18147
2017-06-05,18169
2017-06-06,18192
2017-06-07,18216
2017-06-08,18236
2017-06-09,18268
2017-06-10,18279
2017-06-11,18290
2017-06-12,18317
2017-06-13,18335
2017-06-14,18351
2017-06-15,18368
2017-06-16,18383
2017-06-17,18403
2017-06-18,18408
2017-06-19,18432
2017-06-20,18452
2017-06-21,18482
2017-06-22,18505
2017-06-23,18530
2017-06-24,18545
2017-06-25,18562
2017-06-26,18579
2017-06-27,18601
2017-06-28,18620
2017-06-29,18635
2017-06-30,18650
2017-07-01,18665
2017-07-02,18681
2017-07-03,18688
2017-07-04,18698
2017-07-05,18706
2017-07-06,18718
2017-07-07,18725
2017-07-08,18735
2017-07-09,18743
2017-07-10,18762
2017-07-11,18772
2017-07-12,18788
2017-07-13,18798
2017-07-14,18808
2017-07-15,18823
2017-07-16,18837
2017-07-17,18857
2017-07-18,18878
2017-07-19,18896
2017-07-20,18911
2017-07-21,18924
2017-07-22,18933
2017-07-23,18949
2017-07-24,18960
2017-07-25,18974
2017-07-26,18991
2017-07-27,19007
2017-07-28,19019
2017-07-29,19041
2017-07-30,19059
2017-07-31,19083
2017-08-01,19105
2017-08-02,19117
2017-08-03,19142
2017-08-04,19155
2017-08-05,19189
2017-08-06,19213
2017-08-07,19237
2017-08-08,19256
2017-08-09,19278
2017-08-10,19296
2017-08-11,19314
2017-08-12,19329
2017-08-13,19340
2017-08-14,19359
2017-08-15,19373
2017-08-16,19390
2017-08-17,19411
2017-08-18,19434
2017-08-19,19452
2017-08-20,19477
2017-08-21,19504
2017-08-22,19522
2017-08-23,19545
2017-08-24,19567
2017-08-25,19588
2017-08-26,19603
2017-08-27,19613
2017-08-28,19634
2017-08-29,19663
2017-08-30,19678
2017-08-31,19693
2017-09-01,19709
2017-09-02,19716
2017-09-03,19726
2017-09-04,19747
2017-09-05,19769
2017-09-06,19781
2017-09-07,19801
2017-09-08,19817
2017-09-09,19835
2017-09-10,19854
2017-09-11,19869
2017-09-12,19882
2017-09-13,19900
2017-09-14,19925
2017-09-15,19937
2017-09-16,19961
2017-09-17,19977
2017-09-18,19996
2017-09-19,20015
2017-09-20,20038
2017-09-21,20054
2017-09-22,20089
2017-09-23,20102
2017-09-24,20118
2017-09-25,20134
2017-09-26,20151
2017-09-27,20167
2017-09-28,20191
2017-09-29,20218
2017-09-30,20243
2017-10-01,20268
2017-10-02,20301
2017-10-03,20328
2017-10-04,20347
2017-10-05,20367
2017-10-06,20392
2017-10-07,20418
2017-10-08,20438
2017-10-09,20457
2017-10-10,20482
2017-10-11,20501
2017-10-12,20524
2017-10-13,20563
2017-10-14,20588
2017-10-15,20613
2017-10-16,20640
2017-10-17,20660
2017-10-18,20693
2017-10-19,20714
2017-10-20,20732
2017-10-21,20750
2017-10-22,20775
2017-10-23,20796
2017-10-24,20817
2017-10-25,20840
2017-10-26,20870
2017-10-27,20914
2017-10-28,20942
2017-10-29,20975
2017-10-30,21022
2017-10-31,21060
2017-11-01,21102
2017-11-02,21138
2017-11-03,21178
2017-11-04,21217
2017-11-05,21265
2017-11-06,21301
2017-11-07,21330
2017-11-08,21355
2017-11-09,21388
2017-11-10,21431
2017-11-11,21468
2017-11-12,21498
2017-11-13,21532
2017-11-14,21569
2017-11-15,21606
2017-11-16,21637
2017-11-17,21666
2017-11-18,21698
2017-11-19,21720
2017-11-20,21754
2017-11-21,21790
2017-11-22,21827
2017-11-23,21853
2017-11-24,21884
2017-11-25,21914
2017-11-26,21955
2017-11-27,21987
2017-11-28,22011
2017-11-29,22037
2017-11-30,22062
2017-12-01,22088
2017-12-02,22114
2017-12-03,22145
2017-12-04,22185
2017-12-05,22227
2017-12-06,22242
2017-12-07,22263
2017-12-08,22292
2017-12-09,22318
2017-12-10,22350
2017-12-11,22370
2017-12-12,22402
2017-12-13,22417
2017-12-14,22432
2017-12-15,22442
2017-12-16,22458
2017-12-17,22475
2017-12-18,22492
2017-12-19,22505
2017-12-20,22515
2017-12-21,22532
2017-12-22,22553
2017-12-23,22561
2017-12-24,22579
2017-12-25,22592
2017-12-26,22618
2017-12-27,22657
2017-12-28,22684
2017-12-29,22714
2017-12-30,22738
2017-12-31,22765
2018-01-01,22795
2018-01-02,22820
2018-01-03,22845
2018-01-04,22858
2018-01-05,22875
2018-01-06,22895
2018-01-07,22913
2018-01-08,22926
2018-01-09,22944
2018-01-10,22964
2018-01-11,22978
2018-01-12,22992
2018-01-13,23019
2018-01-14,23049
2018-01-15,23075
2018-01-16,23098
2018-01-17,23110
2018-01-18,23130
2018-01-19,23153
2018-01-20,23174
2018-01-21,23193
2018-01-22,23214
2018-01-23,23242
2018-01-24,23278
2018-01-25,23316
2018-01-26,23343
2018-01-27,23366
2018-01-28,23399
2018-01-29,23420
2018-01-30,23452
2018-01-31,23471
2018-02-01,23505
2018-02-02,23526
2018-02-03,23564
2018-02-04,23596
2018-02-05,23622
2018-02-06,23661
2018-02-07,23688
2018-02-08,23717
2018-02-09,23755
2018-02-10,23795
2018-02-11,23828
2018-02-12,23851
2018-02-13,23884
2018-02-14,23918
2018-02-15,23956
2018-02-16,23992
2018-02-17,24020
2018-02-18,24047
2018-02-19,24071
2018-02-20,24091
2018-02-21,24116
2018-02-22,24138
2018-02-23,24150
2018-02-24,24184
2018-02-25,24250
2018-02-26,24314
2018-02-27,24374
2018-02-28,24434
2018-03-01,24477
2018-03-02,24518
2018-03-03,24569
2018-03-04,24617
2018-03-05,24673
2018-03-06,24712
2018-03-07,24750
2018-03-08,24787
2018-03-09,24847
2018-03-10,24889
2018-03-11,24933
2018-03-12,24972
2018-03-13,25007
2018-03-14,25059
2018-03-15,25104
2018-03-16,25162
2018-03-17,25259
2018-03-18,25307
2018-03-19,25356
2018-03-20,25393
2018-03-21,25439
2018-03-22,25485
2018-03-23,25532
2018-03-24,25623
2018-03-25,25667
2018-03-26,25734
2018-03-27,25786
2018-03-28,25862
2018-03-29,25932
2018-03-30,25975
2018-03-31,26045
2018-04-01,26100
2018-04-02,26159
2018-04-03,26226
2018-04-04,26312
2018-04-05,26382
2018-04-06,26454
2018-04-07,26529
2018-04-08,26598
2018-04-09,26668
2018-04-10,26737
2018-04-11,26821
2018-04-12,26899
2018-04-13,26961
2018-04-14,27014
2018-04-15,27055
2018-04-16,27091
2018-04-17,27146
2018-04-18,27190
2018-04-19,27225
2018-04-20,27288
2018-04-21,27336
2018-04-22,27379
2018-04-23,27435
2018-04-24,27478
2018-04-25,27516
2018-04-26,27563
2018-04-27,27603
2018-04-28,27650
2018-04-29,27696
2018-04-30,27767
2018-05-01,27837
2018-05-02,27889
2018-05-03,27906
2018-05-04,27980
2018-05-05,28030
2018-05-06,28093
2018-05-07,28158
2018-05-08,28209
2018-05-09,28276
2018-05-10,28337
2018-05-11,28388
2018-05-12,28431
2018-05-13,28489
2018-05-14,28547
2018-05-15,28595
2018-05-16,28646
2018-05-17,28715
2018-05-18,28763
2018-05-19,28828
2018-05-20,28884
2018-05-21,28951
2018-05-22,29034
2018-05-23,29101
2018-05-24,29202
2018-05-25,29270
2018-05-26,29354
2018-05-27,29415
2018-05-28,29497
2018-05-29,29584
2018-05-30,29647
2018-05-31,29696
2018-06-01,29735
2018-06-02,29758
2018-06-03,29801
2018-06-04,29845
2018-06-05,29881
2018-06-06,29935
2018-06-07,29973
2018-06-08,30005
2018-06-09,30035
2018-06-10,30070
2018-06-11,30115
2018-06-12,30169
2018-06-13,30206
2018-06-14,30253
2018-06-15,30265
2018-06-16,30326
2018-06-17,30349
2018-06-18,30385
2018-06-19,30423
2018-06-20,30476
2018-06-21,30525
2018-06-22,30561
2018-06-23,30606
2018-06-24,30642
2018-06-25,30713
2018-06-26,30756
2018-06-27,30780
2018-06-28,30817
2018-06-29,30853
2018-06-30,30890
2018-07-01,30946
2018-07-02,30986
2018-07-03,31026
2018-07-04,31090
2018-07-05,31130
2018-07-06,31171
2018-07-07,31211
2018-07-08,31243
2018-07-09,31283
2018-07-10,31303
2018-07-11,31336
2018-07-12,31359
2018-07-13,31375
2018-07-14,31409
2018-07-15,31431
2018-07-16,31479
2018-07-17,31532
2018-07-18,31590
2018-07-19,31655
2018-07-20,31725
2018-07-21,31783
2018-07-22,31882
2018-07-23,31921
2018-07-24,31985
2018-07-25,32040
2018-07-26,32143
2018-07-27,32232
2018-07-28,32283
2018-07-29,32344
2018-07-30,32381
2018-07-31,32436
2018-08-01,32493
2018-08-02,32531
2018-08-03,32581
2018-08-04,32622
2018-08-05,32665
2018-08-06,32719
2018-08-07,32755
2018-08-08,32809
2018-08-09,32870
2018-08-10,32912
2018-08-11,32936
2018-08-12,32986
2018-08-13,33038
2018-08-14,33108
2018-08-15,33169
2018-08-16,33226
2018-08-17,33270
2018-08-18,33316
2018-08-19,33366
2018-08-20,33414
2018-08-21,33482
2018-08-22,33554
2018-08-23,33600
2018-08-24,33657
2018-08-25,33703
2018-08-26,33775
2018-08-27,33847
2018-08-28,33913
2018-08-29,33993
2018-08-30,34055
2018-08-31,34124
2018-09-01,34188
2018-09-02,34225
2018-09-03,34311
2018-09-04,34412
2018-09-05,34508
2018-09-06,34590
2018-09-07,34671
2018-09-08,34735
2018-09-09,34843
2018-09-10,34957
2018-09-11,35040
2018-09-12,35112
2018-09-13,35184
2018-09-14,35256
2018-09-15,35296
2018-09-16,35327
2018-09-17,35389
2018-09-18,35478
2018-09-19,35564
2018-09-20,35641
2018-09-21,35719
2018-09-22,35754
2018-09-23,35794
2018-09-24,35872
2018-09-25,35951
2018-09-26,36007
2018-09-27,36077
2018-09-28,36164
2018-09-29,36234
2018-09-30,36302
2018-10-01,36382
2018-10-02,36445
2018-10-03,36502
2018-10-04,36556
2018-10-05,36601
2018-10-06,36644
2018-10-07,36674
2018-10-08,36751
2018-10-09,36788
2018-10-10,36836
2018-10-11,36888
2018-10-12,36941
2018-10-13,36996
2018-10-14,37054
2018-10-15,37129
2018-10-16,37204
2018-10-17,37271
2018-10-18,37328
2018-10-19,37377
2018-10-20,37436
2018-10-21,37493
2018-10-22,37558
2018-10-23,37608
2018-10-24,37654
2018-10-25,37714
2018-10-26,37756
2018-10-27,37808
2018-10-28,37848
2018-10-29,37906
2018-10-30,37953
2018-10-31,38006
2018-11-01,38037
2018-11-02,38098
2018-11-03,38188
2018-11-04,38260
2018-11-05,38349
2018-11-06,38389
2018-11-07,38418
2018-11-08,38464
2018-11-09,38498
2018-11-10,38522
2018-11-11,38559
2018-11-12,38604
2018-11-13,38670
2018-11-14,38718
2018-11-15,38758
2018-11-16,38798
2018-11-17,38860
2018-11-18,38905
2018-11-19,38939
2018-11-20,38994
2018-11-21,39070
2018-11-22,39144
2018-11-23,39205
2018-11-24,39267
2018-11-25,39330
2018-11-26,39428
2018-11-27,39482
2018-11-28,39534
2018-11-29,39589
2018-11-30,39684
2018-12-01,39757
2018-12-02,39857
2018-12-03,39928
2018-12-04,40009
2018-12-05,40068
2018-12-06,40134
2018-12-07,40223
2018-12-08,40279
2018-12-10,40308
2018-12-11,40373
2018-12-12,40419
2018-12-13,40484
2018-12-14,40566
2018-12-15,40646
2018-12-16,40724
2018-12-17,40793
2018-12-18,40844
2018-12-19,40905
2018-12-20,40925
2018-12-21,40956
2018-12-22,40987
2018-12-23,41058
2018-12-24,41125
2018-12-25,41198
2018-12-26,41242
2018-12-27,41312
2018-12-28,41359
2018-12-29,41416
2018-12-30,41452
2018-12-31,41515
2019-01-01,41576
2019-01-02,41643
2019-01-03,41715
2019-01-04,41804
2019-01-05,41858
2019-01-06,41923
2019-01-07,41993
2019-01-08,42037
2019-01-09,42094
2019-01-10,42148
2019-01-11,42185
2019-01-12,42245
2019-01-13,42312
2019-01-14,42389
2019-01-15,42413
2019-01-16,42442
2019-01-17,42537
2019-01-18,42596
2019-01-19,42653
2019-01-20,42697
2019-01-21,42746
2019-01-22,42778
2019-01-23,42830
2019-01-24,42872
2019-01-25,42910
2019-01-26,42935
2019-01-27,42961
2019-01-28,42998
2019-01-29,43040
2019-01-30,43052
2019-01-31,43071
2019-02-01,43118
2019-02-02,43149
2019-02-03,43191
2019-02-04,43232
2019-02-05,43301
2019-02-06,43373
2019-02-07,43443
2019-02-08,43516
2019-02-09,43552
2019-02-10,43587
2019-02-11,43637
2019-02-12,43687
2019-02-13,43726
2019-02-14,43775
2019-02-15,43845
2019-02-16,43906
2019-02-17,43955
2019-02-18,44012
2019-02-19,44066
2019-02-20,44135
2019-02-21,44202
2019-02-22,44277
2019-02-23,44329
2019-02-24,44372
2019-02-25,44419
2019-02-26,44451
2019-02-27,44471
2019-02-28,44515
2019-03-01,44557
2019-03-02,44622
2019-03-03,44670
2019-03-04,44708
2019-03-05,44760
2019-03-06,44804
2019-03-07,44839
2019-03-08,44882
2019-03-09,44919
2019-03-10,44946
2019-03-11,44984
2019-03-12,45034
2019-03-13,45077
2019-03-14,45123
2019-03-15,45159
2019-03-16,45193
2019-03-17,45232
2019-03-18,45285
2019-03-19,45323
2019-03-20,45351
2019-03-21,45383
2019-03-22,45410
2019-03-23,45429
2019-03-24,45462
2019-03-25,45505
2019-03-26,45546
2019-03-27,45581
2019-03-28,45621
2019-03-29,45659
2019-03-30,45709
2019-03-31,45732
2019-04-01,45785
2019-04-02,45815
2019-04-03,45853
2019-04-04,45903
2019-04-05,45951
2019-04-06,45997
2019-04-07,46029
2019-04-08,46079
2019-04-09,46131
2019-04-10,46187
2019-04-11,46242
2019-04-12,46316
2019-04-13,46361
2019-04-14,46403
2019-04-15,46451
2019-04-16,46505
2019-04-17,46551
2019-04-18,46609
2019-04-19,46670
2019-04-20,46708
2019-04-21,46775
2019-04-22,46838
2019-04-23,46892
2019-04-24,46959
2019-04-25,47014
2019-04-26,47059
2019-04-27,47129
2019-04-28,47174
2019-04-29,47286
2019-04-30,47344
2019-05-01,47415
2019-05-02,47501
2019-05-03,47557
2019-05-04,47603
2019-05-05,47700
2019-05-06,47789
2019-05-07,47851
2019-05-08,47944
2019-05-09,48030
2019-05-10,48107
2019-05-11,48179
2019-05-12,48274
2019-05-13,48354
2019-05-14,48434
2019-05-15,48540
2019-05-16,48629
2019-05-17,48692
2019-05-18,48786
2019-05-19,48876
2019-05-20,48972
2019-05-21,49060
2019-05-22,49141
2019-05-23,49198
2019-05-24,49313
2019-05-25,49394
2019-05-26,49474
2019-05-27,49562
2019-05-28,49633
2019-05-29,49713
2019-05-30,49810
2019-05-31,49885
2019-06-01,49936
2019-06-02,50004
2019-06-03,50052
2019-06-04,50138
2019-06-05,50207
2019-06-06,50249
2019-06-07,50319
2019-06-08,50376
2019-06-09,50415
2019-06-10,50482
2019-06-11,50541
2019-06-12,50597
2019-06-13,50659
2019-06-14,50715
2019-06-15,50746
2019-06-16,50788
2019-06-17,50838
2019-06-18,50881
2019-06-19,50923
2019-06-20,50965
2019-06-21,51036
2019-06-22,51056
2019-06-23,51078
2019-06-24,51126
2019-06-25,51178
2019-06-26,51241
2019-06-27,51309
2019-06-28,51359
2019-06-29,51401
2019-06-30,51429
2019-07-01,51487
2019-07-02,51552
2019-07-03,51640
2019-07-04,51718
2019-07-05,51825
2019-07-06,51898
2019-07-07,51960
2019-07-08,52019
2019-07-09,52093
2019-07-10,52191
2019-07-11,52259
2019-07-12,52326
2019-07-13,52394
2019-07-14,52460
2019-07-15,52533
2019-07-16,52593
2019-07-17,52652
2019-07-18,52702
2019-07-19,52748
2019-07-20,52785
2019-07-21,52836
2019-07-22,52880
2019-07-23,52930
2019-07-24,52990
2019-07-25,53059
2019-07-26,53119
2019-07-27,53170
2019-07-28,53225
2019-07-29,53266
2019-07-30,53327
2019-07-31,53389
2019-08-01,53433
2019-08-02,53478
2019-08-03,53518
2019-08-04,53553
2019-08-05,53598
2019-08-06,53631
2019-08-07,53658
2019-08-08,53720
2019-08-09,53762
2019-08-10,53816
2019-08-11,53844
2019-08-12,53882
2019-08-13,53928
2019-08-14,53993
2019-08-15,54025
2019-08-16,54082
2019-08-17,54110
2019-08-18,54166
2019-08-19,54207
2019-08-20,54237
2019-08-21,54270
2019-08-22,54297
2019-08-23,54331
2019-08-24,54381
2019-08-25,54417
2019-08-26,54486
2019-08-27,54544
2019-08-28,54630
2019-08-29,54704
2019-08-30,54826
2019-08-31,54891
2019-09-01,54966
2019-09-02,55043
2019-09-03,55154
2019-09-04,55254
2019-09-05,55329
2019-09-06,55420
2019-09-07,55507
2019-09-08,55586
2019-09-09,55677
2019-09-10,55731
2019-09-11,55880
2019-09-12,55989
2019-09-13,56129
2019-09-14,56243
2019-09-15,56373
2019-09-16,56503
2019-09-17,56570
2019-09-18,56617
2019-09-19,56673
2019-09-20,56732
2019-09-21,56771
2019-09-22,56827
2019-09-23,56969
2019-09-24,57169
2019-09-25,57316
2019-09-26,57434
2019-09-27,57588
2019-09-28,57622
2019-09-29,57663
2019-09-30,57715
2019-10-01,57803
2019-10-02,57878
2019-10-03,57919
2019-10-04,58002
2019-10-05,58061
2019-10-06,58160
2019-10-07,58359
2019-10-08,58447
2019-10-09,58534
2019-10-10,58597
2019-10-11,58680
2019-10-12,58724
2019-10-13,58773
2019-10-14,58847
2019-10-15,58901
2019-10-16,58944
2019-10-17,58992
2019-10-18,59061
2019-10-19,59117
2019-10-20,59160
2019-10-21,59218
2019-10-22,59278
2019-10-23,59359
2019-10-24,59414
2019-10-25,59453
2019-10-26,59501
2019-10-27,59545
2019-10-28,59590
2019-10-29,59631
2019-10-30,59675
2019-10-31,59731
2019-11-01,59775
2019-11-02,59805
2019-11-03,59849
2019-11-04,59885
2019-11-05,59932
2019-11-06,59954
2019-11-07,59993
2019-11-08,60067
2019-11-09,60110
2019-11-10,60178
2019-11-11,60240
2019-11-12,60300
2019-11-13,60339
2019-11-14,60374
2019-11-15,60415
2019-11-16,60456
2019-11-17,60488
2019-11-18,60533
2019-11-19,60558
2019-11-20,60596
2019-11-21,60610
2019-11-22,60653
2019-11-23,60699
2019-11-24,60741
2019-11-25,60779
2019-11-26,60821
2019-11-27,60848
2019-11-28,60873
2019-11-29,60908
2019-11-30,60929
2019-12-01,60979
2019-12-02,61021
2019-12-03,61055
2019-12-04,61094
2019-12-05,61135
2019-12-06,61175
2019-12-07,61210
2019-12-08,61254
2019-12-09,61278
2019-12-10,61317
2019-12-11,61354
2019-12-12,61405
2019-12-13,61443
2019-12-14,61460
2019-12-15,61486
2019-12-16,61517
2019-12-17,61558
2019-12-18,61608
2019-12-19,61654
2019-12-20,61695
2019-12-21,61734
2019-12-22,61779
2019-12-23,61821
2019-12-24,61868
2019-12-25,61915
2019-12-26,61957
2019-12-27,62016
2019-12-28,62053
2019-12-29,62081
2019-12-30,62129
2019-12-31,62170
2020-01-01,62210
2020-01-02,62257
2020-01-03,62293
2020-01-04,62323
2020-01-05,62361
2020-01-06,62376
2020-01-07,62428
2020-01-08,62474
2020-01-09,62550
2020-01-10,62592
2020-01-11,62643
2020-01-12,62669
2020-01-13,62710
2020-01-14,62745
2020-01-15,62788
2020-01-16,62856
2020-01-17,62900
2020-01-18,62952
2020-01-19,63003
2020-01-20,63053
2020-01-21,63133
2020-01-22,63187
2020-01-23,63263
2020-01-24,63327
2020-01-25,63378
2020-01-26,63452
2020-01-27,63508
2020-01-28,63571
2020-01-29,63606
2020-01-30,63662
2020-01-31,63696
2020-02-01,63738
2020-02-02,63758
2020-02-03,63783
2020-02-04,63815
2020-02-05,63840
2020-02-06,63873
2020-02-07,63908
2020-02-08,63935
2020-02-09,63951
2020-02-10,63980
2020-02-11,64007
2020-02-12,64033
2020-02-13,64055
2020-02-14,64081
2020-02-15,64119
2020-02-16,64140
2020-02-17,64162
2020-02-18,64181
2020-02-19,64212
2020-02-20,64240
2020-02-21,64255
2020-02-22,64272
2020-02-23,64295
2020-02-24,64318
2020-02-25,64339
2020-02-26,64357
2020-02-27,64380
2020-02-28,64404
2020-02-29,64416
2020-03-01,64429
2020-03-02,64451
2020-03-03,64495
2020-03-04,64529
2020-03-05,64547
2020-03-06,64558
2020-03-07,64588
2020-03-08,64619
2020-03-09,64644
2020-03-10,64677
2020-03-11,64707
2020-03-12,64727
2020-03-13,64772
2020-03-14,64808
2020-03-15,64841
2020-03-16,64857
2020-03-17,64879
2020-03-18,64909
2020-03-19,64927
2020-03-20,64955
2020-03-21,64981
2020-03-22,65021
2020-03-23,65054
2020-03-24,65095
2020-03-25,65153
2020-03-26,65208
2020-03-27,65241
2020-03-28,65266
2020-03-29,65308
2020-03-30,65365
2020-03-31,65417
2020-04-01,65469
2020-04-02,65522
2020-04-03,65577
2020-04-04,65654
2020-04-05,65689
2020-04-06,65760
2020-04-07,65885
2020-04-08,65974
2020-04-09,66128
2020-04-10,66226
2020-04-11,66280
2020-04-12,66363
2020-04-13,66519
2020-04-14,66583
2020-04-15,66711
2020-04-16,66892
2020-04-17,67068
2020-04-18,67228
2020-04-19,67399
2020-04-20,67471
2020-04-21,67706
2020-04-22,67777
2020-04-23,67936
2020-04-24,67999
2020-04-25,68130
2020-04-26,68193
2020-04-27,68289
2020-04-28,68441
2020-04-29,68481
2020-04-30,68583
2020-05-01,68636
2020-05-02,68798
2020-05-03,68864
2020-05-04,68984
2020-05-05,69074
2020-05-06,69177
2020-05-07,69258
2020-05-08,69329
2020-05-09,69375
2020-05-10,69412
2020-05-11,69476
2020-05-12,69531
2020-05-13,69564
2020-05-14,69601
2020-05-15,69670
2020-05-16,69709
2020-05-17,69766
2020-05-18,69824
2020-05-19,69852
2020-05-20,69903
2020-05-21,69953
2020-05-22,70009
2020-05-23,70133
2020-05-24,70201
2020-05-25,70329
2020-05-26,70417
2020-05-27,70468
2020-05-28,70534
2020-05-29,70583
2020-05-30,70618
2020-05-31,70669
2020-06-01,70718
2020-06-02,70766
2020-06-03,70812
2020-06-04,70865
2020-06-05,70898
2020-06-06,70947
2020-06-07,70996
2020-06-08,71058
2020-06-09,71113
2020-06-10,71172
2020-06-11,71231
2020-06-12,71298
2020-06-13,71439
2020-06-14,71636
2020-06-15,71686
2020-06-16,71751
2020-06-17,72001
2020-06-18,72121
2020-06-19,72160
2020-06-20,72222
2020-06-21,72287
2020-06-22,72343
2020-06-23,72401
2020-06-24,72452
2020-06-25,72501
2020-06-26,72571
2020-06-27,72646
2020-06-28,72787
2020-06-29,72883
2020-06-30,72961
2020-07-01,73023
2020-07-02,73076
2020-07-03,73115
2020-07-04,73158
2020-07-05,73207
2020-07-06,73286
2020-07-07,73325
2020-07-08,73366
2020-07-09,73415
2020-07-10,73463
2020-07-11,73520
2020-07-12,73577
2020-07-13,73621
2020-07-14,73671
2020-07-15,73721
2020-07-16,73774
2020-07-17,73814
2020-07-18,73859
2020-07-19,73875
2020-07-20,73899
2020-07-21,73914
2020-07-22,73941
2020-07-23,73978
2020-07-24,74027
2020-07-25,74067
2020-07-26,74104
2020-07-27,74130
2020-07-28,74174
2020-07-29,74226
2020-07-30,74244
2020-07-31,74283
2020-08-01,74322
2020-08-02,74347
2020-08-03,74383
2020-08-04,74422
2020-08-05,74465
2020-08-06,74509
2020-08-07,74574
2020-08-08,74643
2020-08-09,74720
2020-08-10,74834
2020-08-11,74908
2020-08-12,74961
2020-08-13,75043
2020-08-14,75143
2020-08-15,75213
2020-08-16,75293
2020-08-17,75368
2020-08-18,75431
2020-08-19,75484
2020-08-20,75528
2020-08-21,75564
2020-08-22,75604
2020-08-23,75632
2020-08-24,75677
2020-08-25,75734
2020-08-26,75779
2020-08-27,75805
2020-08-28,75858
2020-08-29,75880
2020-08-30,75939
2020-08-31,75980
2020-09-01,76023
2020-09-02,76050
2020-09-03,76081
2020-09-04,76133
2020-09-05,76179
2020-09-06,76220
2020-09-07,76246
2020-09-08,76310
2020-09-09,76347
2020-09-10,76376
2020-09-11,76415
2020-09-12,76445
2020-09-13,76483
2020-09-14,76532
2020-09-15,76567
2020-09-16,76632
2020-09-17,76671
2020-09-18,76735
2020-09-19,76768
2020-09-20,76796
2020-09-21,76872
2020-09-22,76902
2020-09-23,76932
2020-09-24,76958
2020-09-25,77004
2020-09-26,77104
2020-09-27,77206
2020-09-28,77315
2020-09-29,77351
2020-09-30,77419
2020-10-01,77459
2020-10-02,77505
2020-10-03,77576
2020-10-04,77620
2020-10-05,77685
2020-10-06,77763
2020-10-07,77821
2020-10-08,77875
2020-10-09,77930
2020-10-10,77964
2020-10-11,78005
2020-10-12,78071
2020-10-13,78131
2020-10-14,78168
2020-10-15,78207
2020-10-16,78247
2020-10-17,78287
2020-10-18,78326
2020-10-19,78356
2020-10-20,78397
2020-10-21,78423
2020-10-22,78471
2020-10-23,78516
2020-10-24,78544
2020-10-25,78601
2020-10-26,78648
2020-10-27,78702
2020-10-28,78750
2020-10-29,78786
2020-10-30,78824
2020-10-31,78850
2020-11-01,78904
2020-11-02,78954
2020-11-03,78994
2020-11-04,79016
2020-11-05,79058
2020-11-06,79095
2020-11-07,79128
2020-11-08,79174
2020-11-09,79222
2020-11-10,79262
2020-11-11,79300
2020-11-12,79351
2020-11-13,79394
2020-11-14,79448
2020-11-15,79490
2020-11-16,79547
2020-11-17,79601
2020-11-18,79640
2020-11-19,79686
2020-11-20,79742
2020-11-21,79801
2020-11-22,79865
2020-11-23,79916
2020-11-24,79952
2020-11-25,79994
2020-11-26,80056
2020-11-27,80097
2020-11-28,80137
2020-11-29,80173
2020-11-30,80211
2020-12-01,80260
2020-12-02,80289
2020-12-03,80329
2020-12-04,80364
2020-12-05,80414
2020-12-06,80449
2020-12-07,80495
2020-12-08,80552
2020-12-09,80607
2020-12-10,80646
2020-12-11,80705
2020-12-12,80742
2020-12-13,80811
2020-12-14,80864
2020-12-15,80922
2020-12-16,80959
2020-12-17,81019
2020-12-18,81069
2020-12-19,81112
2020-12-20,81155
2020-12-21,81202
2020-12-22,81231
2020-12-23,81278
2020-12-24,81333
2020-12-25,81395
2020-12-26,81461
2020-12-27,81509
2020-12-28,81582
2020-12-29,81630
2020-12-30,81681
2020-12-31,81733
2021-01-01,81806
2021-01-02,81897
2021-01-03,81939
2021-01-04,81999
2021-01-05,82067
2021-01-06,82108
2021-01-07,82138
2021-01-08,82162
2021-01-09,82181
2021-01-10,82209
2021-01-11,82265
2021-01-12,82301
2021-01-13,82338
2021-01-14,82399
2021-01-15,82436
2021-01-16,82470
2021-01-17,82510
2021-01-18,82560
2021-01-19,82610
2021-01-20,82651
2021-01-21,82716
2021-01-22,82786
2021-01-23,82836
2021-01-24,82871
2021-01-25,82914
2021-01-26,82969
2021-01-27,83026
2021-01-28,83077
2021-01-29,83135
2021-01-30,83190
2021-01-31,83258
2021-02-01,83339
2021-02-02,83408
2021-02-03,83445
2021-02-04,83511
2021-02-05,83553
2021-02-06,83607
2021-02-07,83647
2021-02-08,83698
2021-02-09,83760
2021-02-10,83811
2021-02-11,83853
2021-02-12,83910
2021-02-13,83974
2021-02-14,84050
2021-02-15,84091
2021-02-16,84170
2021-02-17,84226
2021-02-18,84269
2021-02-19,84337
2021-02-20,84400
2021-02-21,84475
2021-02-22,84526
2021-02-23,84595
2021-02-24,84659
2021-02-25,84713
2021-02-26,84780
2021-02-27,84899
2021-02-28,84989
2021-03-01,85045
2021-03-02,85105
2021-03-03,85171
2021-03-04,85228
2021-03-05,85263
2021-03-06,85293
2021-03-07,85339
2021-03-08,85395
2021-03-09,85424
2021-03-10,85477
2021-03-11,85536
2021-03-12,85567
2021-03-13,85611
2021-03-14,85685
2021-03-15,85734
2021-03-16,85811
2021-03-17,85895
2021-03-18,85936
2021-03-19,85990
2021-03-20,86055
2021-03-21,86136
2021-03-22,86207
2021-03-23,86274
2021-03-24,86322
2021-03-25,86382
2021-03-26,86459
2021-03-27,86526
2021-03-28,86577
2021-03-29,86630
2021-03-30,86698
2021-03-31,86735
2021-04-01,86782
2021-04-02,86822
2021-04-03,86865
2021-04-04,86918
2021-04-05,86944
2021-04-06,86982
2021-04-07,87027
2021-04-08,87069
2021-04-09,87115
2021-04-10,87137
2021-04-11,87165
2021-04-12,87200
2021-04-13,87234
2021-04-14,87277
2021-04-15,87321
2021-04-16,87361
2021-04-17,87421
2021-04-18,87472
2021-04-19,87527
2021-04-20,87561
2021-04-21,87606
2021-04-22,87650
2021-04-23,87709
2021-04-24,87741
2021-04-25,87785
2021-04-26,87814
2021-04-27,87863
2021-04-28,87901
2021-04-29,87970
2021-04-30,88013
2021-05-01,88072
2021-05-02,88113
2021-05-03,88159
2021-05-04,88195
2021-05-05,88232
2021-05-06,88279
2021-05-07,88332
2021-05-08,88387
2021-05-09,88445
2021-05-10,88500
2021-05-11,88574
2021-05-12,88688
2021-05-13,88826
2021-05-14,88905
2021-05-15,88983
2021-05-16,89090
2021-05-17,89176
2021-05-18,89243
2021-05-19,89311
2021-05-20,89403
2021-05-21,89464
2021-05-22,89541
2021-05-23,89615
2021-05-24,89728
2021-05-25,89813
2021-05-26,89904
2021-05-27,90025
2021-05-28,90137
2021-05-29,90249
2021-05-30,90298
2021-05-31,90354
2021-06-01,90464
2021-06-02,90565
2021-06-03,90637
2021-06-04,90718
2021-06-05,90802
2021-06-06,90923
2021-06-07,91006
2021-06-08,91092
2021-06-09,91185
2021-06-10,91259
2021-06-11,91345
2021-06-12,91396
2021-06-13,91486
2021-06-14,91575
2021-06-15,91671
2021-06-16,91767
2021-06-17,91880
2021-06-18,91969
2021-06-19,92071
2021-06-20,92147
2021-06-21,92286
2021-06-22,92438
2021-06-23,92529
2021-06-24,92583
2021-06-25,92623
2021-06-26,92675
2021-06-27,92738
2021-06-28,92799
2021-06-29,92846
2021-06-30,92886
2021-07-01,92935
2021-07-02,92971
2021-07-03,93033
2021-07-04,93086
2021-07-05,93137
2021-07-06,93184
2021-07-07,93232
2021-07-08,93262
2021-07-09,93298
2021-07-10,93348
2021-07-11,93397
2021-07-12,93463
2021-07-13,93510
2021-07-14,93557
2021-07-15,93602
2021-07-16,93667
2021-07-17,93700
2021-07-18,93716
2021-07-19,93754
2021-07-20,93803
2021-07-21,93827
2021-07-22,93880
2021-07-23,93919
2021-07-24,93957
2021-07-25,94014
2021-07-26,94068
2021-07-27,94128
2021-07-28,94149
2021-07-29,94180
2021-07-30,94227
2021-07-31,94284
2021-08-01,94352
2021-08-02,94407
2021-08-03,94490
2021-08-04,94538
2021-08-05,94599
2021-08-06,94660
2021-08-07,94710
2021-08-08,94776
2021-08-09,94859
2021-08-10,94913
2021-08-11,94962
2021-08-12,95022
2021-08-13,95095
2021-08-14,95143
2021-08-15,95209
2021-08-16,95265
2021-08-17,95315
2021-08-18,95375
2021-08-19,95414
2021-08-20,95473
2021-08-21,95507
2021-08-22,95582
2021-08-23,95643
2021-08-24,95691
2021-08-25,95722
2021-08-26,95761
2021-08-27,95787
2021-08-28,95828
2021-08-29,95875
2021-08-30,95914
2021-08-31,95949
2021-09-01,95980
2021-09-02,96019
2021-09-03,96072
2021-09-04,96127
2021-09-05,96169
2021-09-06,96264
2021-09-07,96349
2021-09-08,96416
2021-09-09,96510
2021-09-10,96597
2021-09-11,96651
2021-09-12,96697
2021-09-13,96753
2021-09-14,96820
2021-09-15,96890
2021-09-16,96948
2021-09-17,96993
2021-09-18,97029
2021-09-19,97080
2021-09-20,97154
2021-09-21,97199
2021-09-22,97247
2021-09-23,97307
2021-09-24,97350
2021-09-25,97412
2021-09-26,97471
2021-09-27,97544
2021-09-28,97615
2021-09-29,97682
2021-09-30,97727
2021-10-01,97779
2021-10-02,97823
2021-10-03,97866
2021-10-04,97910
2021-10-05,97935
2021-10-06,97960
2021-10-07,98001
2021-10-08,98050
2021-10-09,98113
2021-10-10,98171
2021-10-11,98220
2021-10-12,98273
2021-10-13,98316
2021-10-14,98385
2021-10-15,98454
2021-10-16,98508
2021-10-17,98573
2021-10-18,98631
2021-10-19,98694
2021-10-20,98748
2021-10-21,98790
2021-10-22,98818
2021-10-23,98866
2021-10-24,98910
2021-10-25,98937
2021-10-26,98969
2021-10-27,99024
2021-10-28,99065
2021-10-29,99095
2021-10-30,99117
2021-10-31,99178
2021-11-01,99239
2021-11-02,99270
2021-11-03,99302
2021-11-04,99335
2021-11-05,99382
2021-11-06,99444
2021-11-07,99500
2021-11-08,99558
2021-11-09,99591
2021-11-10,99615
2021-11-11,99666
2021-11-12,99709
2021-11-13,99742
2021-11-14,99792
2021-11-15,99834
2021-11-16,99885
2021-11-17,99928
2021-11-18,99956
2021-11-19,99995
2021-11-20,100038
2021-11-21,100076
2021-11-22,100131
2021-11-23,100159
2021-11-24,100215
2021-11-25,100261
2021-11-26,100301
2021-11-27,100357
2021-11-28,100426
2021-11-29,100501
2021-11-30,100533
2021-12-01,100582
2021-12-02,100634
2021-12-03,100677
2021-12-04,100730
2021-12-05,100786
2021-12-06,100850
2021-12-07,100916
2021-12-08,100976
2021-12-09,101044
2021-12-10,101104
2021-12-11,101124
2021-12-12,101185
2021-12-13,101273
2021-12-14,101342
2021-12-15,101406
2021-12-16,101479
2021-12-17,101545
2021-12-18,101585
2021-12-19,101640
2021-12-20,101683
2021-12-21,101726
2021-12-22,101780
2021-12-23,101863
2021-12-24,101907
2021-12-25,101945
2021-12-26,101986
2021-12-27,102037
2021-12-28,102088
2021-12-29,102139
2021-12-30,102185
2021-12-31,102214
2022-01-01,102254
2022-01-02,102308
2022-01-03,102367
2022-01-04,102431
2022-01-05,102474
2022-01-06,102516
2022-01-07,102545
2022-01-08,102571
2022-01-09,102622
2022-01-10,102662
2022-01-11,102719
2022-01-12,102756
2022-01-13,102792
2022-01-14,102846
2022-01-15,102887
2022-01-16,102914
2022-01-17,102957
2022-01-18,102979
2022-01-19,103003
2022-01-20,103020
2022-01-21,103036
2022-01-22,103055
2022-01-23,103066
2022-01-24,103089
2022-01-25,103117
2022-01-26,103155
2022-01-27,103191
2022-01-28,103226
2022-01-29,103290
2022-01-30,103318
2022-01-31,103393
2022-02-01,103484
2022-02-02,103539
2022-02-03,103584
2022-02-04,103604
2022-02-05,103650
2022-02-06,103687
2022-02-07,103730
2022-02-08,103768
2022-02-09,103830
2022-02-10,103854
2022-02-11,103907
2022-02-12,103939
2022-02-13,103984
2022-02-14,104029
2022-02-15,104066
2022-02-16,104100
2022-02-17,104133
2022-02-18,104175
2022-02-19,104206
2022-02-20,104244
2022-02-21,104281
2022-02-22,104316
2022-02-23,104359
2022-02-24,104375
2022-02-25,104407
2022-02-26,104433
2022-02-27,104470
2022-02-28,104487
2022-03-01,104517
2022-03-02,104544
2022-03-03,104581
2022-03-04,104615
2022-03-05,104649
2022-03-06,104679
2022-03-07,104719
2022-03-08,104770
2022-03-09,104811
2022-03-10,104837
2022-03-11,104864
2022-03-12,104906
2022-03-13,104945
2022-03-14,104985
2022-03-15,105016
2022-03-16,105058
2022-03-17,105096
2022-03-18,105126
2022-03-19,105161
2022-03-20,105216
2022-03-21,105257
2022-03-22,105293
2022-03-23,105337
2022-03-24,105379
2022-03-25,105420
2022-03-26,105445
2022-03-27,105481
2022-03-28,105521
2022-03-29,105586
2022-03-30,105632
2022-03-31,105685
2022-04-01,105749
2022-04-02,105789
2022-04-03,105828
2022-04-04,105850
2022-04-05,105895
2022-04-06,105931
2022-04-07,105973
2022-04-08,106006
2022-04-09,106032
2022-04-10,106074
2022-04-11,106120
2022-04-12,106167
2022-04-13,106196
2022-04-14,106246
2022-04-15,106274
2022-04-16,106318
2022-04-17,106362
2022-04-18,106410
2022-04-19,106438
2022-04-20,106467
2022-04-21,106533
2022-04-22,106588
2022-04-23,106650
2022-04-24,106709
2022-04-25,106786
2022-04-26,106840
2022-04-27,106905
2022-04-28,106972
2022-04-29,107036
2022-04-30,107084
2022-05-01,107133
2022-05-02,107186
2022-05-03,107263
2022-05-04,107306
2022-05-05,107340
2022-05-06,107405
2022-05-07,107433
2022-05-08,107509
2022-05-09,107563
2022-05-10,107616
2022-05-11,107664
2022-05-12,107722
2022-05-13,107809
2022-05-14,107853
2022-05-15,107888
2022-05-16,107969
2022-05-17,108023
2022-05-18,108076
2022-05-19,108132
2022-05-20,108196
2022-05-21,108253
2022-05-22,108295
2022-05-23,108336
2022-05-24,108400
2022-05-25,108444
2022-05-26,108497
2022-05-27,108536
2022-05-28,108595
2022-05-29,108639
2022-05-30,108703
2022-05-31,108754
2022-06-01,108803
2022-06-02,108858
2022-06-03,108918
2022-06-04,108976
2022-06-05,109034
2022-06-06,109110
2022-06-07,109198
2022-06-08,109264
2022-06-09,109334
2022-06-10,109391
2022-06-11,109461
2022-06-12,109524
2022-06-13,109609
2022-06-14,109662
2022-06-15,109738
2022-06-16,109824
2022-06-17,109872
2022-06-18,109918
2022-06-19,109958
2022-06-20,110017
2022-06-21,110074
2022-06-22,110120
2022-06-23,110173
2022-06-24,110253
2022-06-25,110288
2022-06-26,110333
2022-06-27,110404
2022-06-28,110465
2022-06-29,110514
2022-06-30,110567
2022-07-01,110618
2022-07-02,110667
2022-07-03,110718
2022-07-04,110784
2022-07-05,110830
2022-07-06,110870
2022-07-07,110915
2022-07-08,110962
2022-07-09,111014
2022-07-10,111050
2022-07-11,111089
2022-07-12,111129
2022-07-13,111167
2022-07-14,111203
2022-07-15,111240
2022-07-16,111293
2022-07-17,111330
2022-07-18,111352
2022-07-19,111408
2022-07-20,111441
2022-07-21,111482
2022-07-22,111509
2022-07-23,111554
2022-07-24,111587
2022-07-25,111642
2022-07-26,111715
2022-07-27,111793
2022-07-28,111837
2022-07-29,111889
2022-07-30,111953
2022-07-31,112031
2022-08-01,112087
2022-08-02,112146
2022-08-03,112177
2022-08-04,112214
2022-08-05,112240
2022-08-06,112292
2022-08-07,112336
2022-08-08,112400
2022-08-09,112437
2022-08-10,112463
2022-08-11,112493
2022-08-12,112544
2022-08-13,112555
2022-08-14,112587
2022-08-15,112633
2022-08-16,112683
2022-08-17,112725
2022-08-18,112773
2022-08-19,112817
2022-08-20,112840
2022-08-21,112859
2022-08-23,112875
2022-08-24,112891
2022-08-25,112934
2022-08-26,112972
2022-08-27,113010
2022-08-28,113082
2022-08-29,113141
2022-08-30,113163
2022-08-31,113199
2022-09-01,113225
2022-09-02,113251
2022-09-03,113290
2022-09-04,113326
2022-09-05,113344
2022-09-06,113387
2022-09-07,113417
2022-09-08,113453
2022-09-09,113492
2022-09-10,113507
2022-09-11,113557
2022-09-12,113579
2022-09-13,113595
2022-09-14,113623
2022-09-15,113654
2022-09-16,113689
2022-09-17,113729
2022-09-18,113771
2022-09-19,113814
2022-09-20,113839
2022-09-21,113884
2022-09-22,113928
2022-09-23,113962
2022-09-24,113990
2022-09-25,114017
2022-09-26,114070
2022-09-27,114138
2022-09-28,114194
2022-09-29,114230
2022-09-30,114264
2022-10-01,114295
2022-10-02,114340
2022-10-03,114360
2022-10-04,114403
2022-10-05,114449
2022-10-06,114497
2022-10-07,114538
2022-10-08,114581
2022-10-09,114622
2022-10-10,114674
2022-10-11,114721
2022-10-12,114749
2022-10-13,114805
2022-10-14,114862
2022-10-15,114926
2022-10-16,115008
2022-10-17,115070
2022-10-18,115147
2022-10-19,115185
2022-10-20,115234
2022-10-21,115275
2022-10-22,115323
2022-10-23,115384
2022-10-24,115430
2022-10-25,115457
2022-10-26,115505
2022-10-27,115530
2022-10-28,115563
2022-10-29,115574
2022-10-30,115606
2022-10-31,115647
2022-11-01,115697
2022-11-02,115728
2022-11-03,115774
2022-11-04,115811
2022-11-05,115853
2022-11-06,115885
2022-11-07,115927
2022-11-08,115969
2022-11-09,116021
2022-11-10,116049
2022-11-11,116077
2022-11-12,116110
2022-11-13,116159
2022-11-14,116196
2022-11-15,116239
2022-11-16,116271
2022-11-17,116307
2022-11-18,116337
2022-11-19,116385
2022-11-20,116420
2022-11-21,116461
2022-11-22,116501
2022-11-23,116534
2022-11-24,116575
2022-11-25,116601
2022-11-26,116626
2022-11-27,116665
2022-11-28,116728
2022-11-29,116781
2022-11-30,116833
2022-12-01,116856
2022-12-02,116894
2022-12-03,116932
2022-12-04,116966
2022-12-05,117015
2022-12-06,117049
2022-12-07,117098
2022-12-08,117137
2022-12-09,117179
2022-12-10,117234
2022-12-11,117258
2022-12-12,117304
2022-12-13,117342
2022-12-14,117383
2022-12-15,117421
2022-12-16,117454
2022-12-17,117490
2022-12-18,117548
2022-12-19,117610
2022-12-20,117650
2022-12-21,117673
2022-12-22,117743
2022-12-23,117782
2022-12-24,117815
2022-12-25,117850
2022-12-26,117903
2022-12-27,117927
2022-12-28,117956
2022-12-29,118002
2022-12-30,118051
2022-12-31,118079
2023-01-01,118109
2023-01-02,118157
2023-01-03,118208
2023-01-04,118251
2023-01-05,118297
2023-01-06,118335
2023-01-07,118405
2023-01-08,118459
2023-01-09,118532
2023-01-10,118591
2023-01-11,118631
2023-01-12,118683
2023-01-13,118704
2023-01-14,118758
2023-01-15,118828
2023-01-16,118866
2023-01-17,118908
2023-01-18,118940
2023-01-19,118967
2023-01-20,119005
2023-01-21,119050
2023-01-22,119100
2023-01-23,119160
2023-01-24,119198
2023-01-25,119250
2023-01-26,119313
2023-01-27,119368
2023-01-28,119404
2023-01-29,119417
2023-01-30,119461
2023-01-31,119491
2023-02-01,119528
2023-02-02,119562
2023-02-03,119598
2023-02-04,119657
2023-02-05,119725
2023-02-06,119778
2023-02-07,119840
2023-02-08,119898
2023-02-09,119925
2023-02-10,119956
2023-02-11,120017
2023-02-12,120073
2023-02-13,120129
2023-02-14,120182
2023-02-15,120239
2023-02-16,120287
2023-02-17,120334
2023-02-18,120408
2023-02-19,120452
2023-02-20,120500
2023-02-21,120555
2023-02-22,120608
2023-02-23,120655
2023-02-24,120707
2023-02-25,120769
2023-02-26,120829
2023-02-27,120866
2023-02-28,120940
2023-03-01,121001
2023-03-02,121065
2023-03-03,121109
2023-03-04,121154
2023-03-05,121190
2023-03-06,121252
2023-03-07,121299
2023-03-08,121347
2023-03-09,121381
2023-03-10,121414
2023-03-11,121444
2023-03-12,121475
2023-03-13,121504
2023-03-14,121565
2023-03-15,121602
2023-03-16,121653
2023-03-17,121720
2023-03-18,121763
2023-03-19,121815
2023-03-20,121875
2023-03-21,121948
2023-03-22,122042
2023-03-23,122106
2023-03-24,122181
2023-03-25,122239
2023-03-26,122280
2023-03-27,122318
2023-03-28,122355
2023-03-29,122385
2023-03-30,122447
2023-03-31,122479
2023-04-01,122542
2023-04-02,122591
2023-04-03,122623
2023-04-04,122706
2023-04-05,122804
2023-04-06,122864
2023-04-07,122934
2023-04-08,123010
2023-04-09,123066
2023-04-10,123092
2023-04-11,123131
2023-04-12,123176
2023-04-13,123235
2023-04-14,123295
2023-04-15,123347
2023-04-16,123382
2023-04-17,123428
2023-04-18,123459
2023-04-19,123505
2023-04-20,123523
2023-04-21,123564
2023-04-22,123617
2023-04-23,123668
2023-04-24,123744
2023-04-25,123786
2023-04-26,123861
2023-04-27,123898
2023-04-28,123967
2023-04-29,124015
2023-04-30,124048
2023-05-01,124093
2023-05-02,124137
2023-05-03,124173
2023-05-04,124230
2023-05-05,124297
2023-05-06,124357
2023-05-07,124395
2023-05-08,124439
2023-05-09,124493
2023-05-10,124549
2023-05-11,124588
2023-05-12,124637
2023-05-13,124676
2023-05-14,124727
2023-05-15,124786
2023-05-16,124826
2023-05-17,124890
2023-05-18,124930
2023-05-19,124973
2023-05-20,125016
2023-05-21,125068
2023-05-22,125113
2023-05-23,125160
2023-05-24,125209
2023-05-25,125272
2023-05-26,125351
2023-05-27,125394
2023-05-28,125433
2023-05-29,125495
2023-05-30,125530
2023-05-31,125591
2023-06-01,125651
2023-06-02,125692
2023-06-03,125715
2023-06-04,125767
2023-06-05,125812
2023-06-06,125854
2023-06-07,125889
2023-06-08,125930
2023-06-09,125976
2023-06-10,126016
2023-06-11,126066
2023-06-12,126111
2023-06-13,126151
2023-06-14,126177
2023-06-15,126223
2023-06-16,126256
2023-06-17,126295
2023-06-18,126321
2023-06-19,126347
2023-06-20,126392
2023-06-21,126431
2023-06-22,126479
2023-06-23,126518
2023-06-24,126556
2023-06-25,126592
2023-06-26,126630
2023-06-27,126664
2023-06-28,126713
2023-06-29,126777
2023-06-30,126809
2023-07-01,126846
2023-07-02,126906
2023-07-03,126964
2023-07-04,127017
2023-07-05,127054
2023-07-06,127086
2023-07-07,127117
2023-07-08,127143
2023-07-09,127165
2023-07-10,127209
2023-07-11,127240
2023-07-12,127275
2023-07-13,127291
2023-07-14,127327
2023-07-15,127362
2023-07-16,127403
2023-07-17,127428
2023-07-18,127474
2023-07-19,127513
2023-07-20,127554
2023-07-21,127587
2023-07-22,127623
2023-07-23,127676
2023-07-24,127722
2023-07-25,127762
2023-07-26,127805
2023-07-27,127839
2023-07-28,127888
2023-07-29,127927
2023-07-30,127951
2023-07-31,127954