model,contrast,est,lo,hi,p,n_blocks
fable,C1 ai_ban - ai_neutral,0.0,0.0,0.0,1.0,24
fable,C2 ai_ban - ai_industry,0.0,0.0,0.0,1.0,24
fable,C3 AI-specific stance (interaction),0.0,0.0,0.0,1.0,24
fable,C4 ai_ban - mining_ban,0.0,0.0,0.0,1.0,24
fable,C5 ai_ban_miri - ai_ban,-0.2733040833050605,-0.8199122499151815,0.0,1.0,24
fable,C6 mining_ban - mining_industry,0.0,0.0,0.0,1.0,24
fable,C7 ai_ban - mean(other 5),-3.469446951953614e-18,-5.782411586589357e-18,-1.1564823173178713e-18,1.0,24
fable,C8 ban - industry (both domains),0.0,0.0,0.0,1.0,24
fable,C9 AI - mining (main effect),3.469446951953614e-18,1.1564823173178713e-18,5.782411586589357e-18,1.0,24
haiku,C1 ai_ban - ai_neutral,0.01004915447480025,-0.17742766961570514,0.19334651987569593,0.9083545822708865,100
haiku,C2 ai_ban - ai_industry,0.2635764561126949,0.06067086947532377,0.4711925168284035,0.012899355032248387,100
haiku,C3 AI-specific stance (interaction),-0.12333467176595424,-0.36470905148982025,0.11419394920566124,0.3271336433178341,100
haiku,C4 ai_ban - mining_ban,-0.253262494796008,-0.4317798680255861,-0.08398666759805071,0.004999750012499375,100
haiku,C5 ai_ban_miri - ai_ban,-0.14783715853989368,-0.3552738171305483,0.04945357184889148,0.17029148542572872,100
haiku,C6 mining_ban - mining_industry,0.38691112787864923,0.21335836741153602,0.5756309762140398,0.000199990000499975,100
haiku,C7 ai_ban - mean(other 5),0.06724325762957184,-0.09161405334544799,0.2243761429331657,0.4096295185240738,100
haiku,C8 ban - industry (both domains),0.32524379199567205,0.17563836683681724,0.4766505598987889,4.999750012499375e-05,100
haiku,C9 AI - mining (main effect),-0.0703449776757104,-0.22306270024567346,0.08820376110626349,0.38273086345682716,100
opus,C1 ai_ban - ai_neutral,-0.10706067580626233,-0.3747123653219184,0.10706067580626186,0.7536123193840308,40
opus,C2 ai_ban - ai_industry,0.12998253887944577,-0.2676516895156551,0.5505386303477304,0.5693215339233039,40
opus,C3 AI-specific stance (interaction),0.07645220097631485,-0.32118202741878604,0.5169990942918341,0.7247137643117844,40
opus,C4 ai_ban - mining_ban,-0.16059101370939327,-0.42824270322504887,0.0,0.5006749662516874,40
opus,C5 ai_ban_miri - ai_ban,-0.1865599270458605,-0.513988407504379,0.12084138808959417,0.25168741562921854,40
opus,C6 mining_ban - mining_industry,0.05353033790313093,0.0,0.1605910137093928,1.0,40
opus,C7 ai_ban - mean(other 5),-0.05965203286912071,-0.34871585754602874,0.14559148132074778,0.7471126443677816,40
opus,C8 ban - industry (both domains),0.09175643839128836,-0.11395103194792829,0.30743940326374536,0.43307834608269585,40
opus,C9 AI - mining (main effect),-0.11470129683065684,-0.2686673729367503,0.022437016728820758,0.19164041797910106,40
sonnet,C1 ai_ban - ai_neutral,0.1614837409713797,-0.19813543930442842,0.5944063179132859,0.49897505124743763,40
sonnet,C2 ai_ban - ai_industry,0.004958982546394097,-0.19317645675803471,0.17140170606416769,1.0,40
sonnet,C3 AI-specific stance (interaction),0.1521242631566581,-0.2763978185169219,0.6594672113207982,0.6249687515624219,40
sonnet,C4 ai_ban - mining_ban,0.11051358227721508,-0.2347871376374781,0.6079385653485667,0.8746562671866407,40
sonnet,C5 ai_ban_miri - ai_ban,-0.041610680879443404,-0.3180084993963649,0.19813543930442884,0.9384030798460077,40
sonnet,C6 mining_ban - mining_industry,-0.14716528061026402,-0.6079385653485667,0.16644272351777473,0.7537623118844058,40
sonnet,C7 ai_ban - mean(other 5),0.015764173298112107,-0.19595603872376646,0.1860695120026516,0.936203189840508,40
sonnet,C8 ban - industry (both domains),-0.07110314903193496,-0.3198156405676108,0.11366542365236385,0.7451627418629069,40
sonnet,C9 AI - mining (main effect),-0.0846881935149957,-0.2780508126990527,0.10886058809508378,0.43697815109244537,40
