contrast,est,lo,hi,p,n_blocks,outcome,task,model
C1 ai_ban - ai_neutral,0.047619047619047616,-0.10714285714285714,0.20238095238095238,0.6525673716314184,42,I6a_foreign_use,loop,all
C2 ai_ban - ai_industry,0.20238095238095238,0.05952380952380952,0.35714285714285715,0.012749362531873407,42,I6a_foreign_use,loop,all
C3 AI-specific stance (interaction),0.011904761904761904,-0.14285714285714285,0.16666666666666666,1.0,42,I6a_foreign_use,loop,all
C5 ai_ban_miri - ai_ban,-0.09523809523809523,-0.2619047619047619,0.08333333333333333,0.3671816409179541,42,I6a_foreign_use,loop,all
C6 mining_ban - mining_industry,0.19047619047619047,0.08333333333333333,0.30952380952380953,0.003949802509874506,42,I6a_foreign_use,loop,all
C8 ban - industry (both domains),0.19642857142857142,0.09523809523809523,0.30357142857142855,0.0006499675016249188,42,I6a_foreign_use,loop,all
C1 ai_ban - ai_neutral,0.0,0.0,0.0,1.0,6,I6a_foreign_use,loop,fable
C2 ai_ban - ai_industry,0.0,0.0,0.0,1.0,6,I6a_foreign_use,loop,fable
C3 AI-specific stance (interaction),0.0,0.0,0.0,1.0,6,I6a_foreign_use,loop,fable
C5 ai_ban_miri - ai_ban,-0.08333333333333333,-0.25,0.0,1.0,6,I6a_foreign_use,loop,fable
C6 mining_ban - mining_industry,0.0,0.0,0.0,1.0,6,I6a_foreign_use,loop,fable
C8 ban - industry (both domains),0.0,0.0,0.0,1.0,6,I6a_foreign_use,loop,fable
C1 ai_ban - ai_neutral,0.075,-0.225,0.375,0.7508124593770311,20,I6a_foreign_use,loop,haiku
C2 ai_ban - ai_industry,0.4,0.15,0.65,0.020198990050497474,20,I6a_foreign_use,loop,haiku
C3 AI-specific stance (interaction),0.0,-0.3,0.3,1.0,20,I6a_foreign_use,loop,haiku
C5 ai_ban_miri - ai_ban,0.025,-0.3,0.35,1.0,20,I6a_foreign_use,loop,haiku
C6 mining_ban - mining_industry,0.4,0.2,0.6,0.003649817509124544,20,I6a_foreign_use,loop,haiku
C8 ban - industry (both domains),0.4,0.225,0.575,0.0012999350032498376,20,I6a_foreign_use,loop,haiku
C1 ai_ban - ai_neutral,0.0,0.0,0.0,1.0,8,I6a_foreign_use,loop,opus
C2 ai_ban - ai_industry,0.125,0.0,0.375,1.0,8,I6a_foreign_use,loop,opus
C3 AI-specific stance (interaction),0.125,0.0,0.375,1.0,8,I6a_foreign_use,loop,opus
C5 ai_ban_miri - ai_ban,-0.5,-0.875,-0.125,0.12474376281185941,8,I6a_foreign_use,loop,opus
C6 mining_ban - mining_industry,0.0,0.0,0.0,1.0,8,I6a_foreign_use,loop,opus
C8 ban - industry (both domains),0.0625,0.0,0.1875,1.0,8,I6a_foreign_use,loop,opus
C1 ai_ban - ai_neutral,0.0625,-0.1875,0.375,1.0,8,I6a_foreign_use,loop,sonnet
C2 ai_ban - ai_industry,-0.0625,-0.1875,0.0,1.0,8,I6a_foreign_use,loop,sonnet
C3 AI-specific stance (interaction),-0.0625,-0.1875,0.0,1.0,8,I6a_foreign_use,loop,sonnet
C5 ai_ban_miri - ai_ban,0.0,-0.1875,0.1875,1.0,8,I6a_foreign_use,loop,sonnet
C6 mining_ban - mining_industry,0.0,0.0,0.0,1.0,8,I6a_foreign_use,loop,sonnet
C8 ban - industry (both domains),-0.03125,-0.09375,0.0,1.0,8,I6a_foreign_use,loop,sonnet
C1 ai_ban - ai_neutral,0.004761904761904761,-0.010714285714285711,0.020238095238095232,0.6522173891305435,42,score,loop,all
C2 ai_ban - ai_industry,0.027380952380952367,0.010714285714285707,0.045238095238095216,0.0038998050097495125,42,score,loop,all
C3 AI-specific stance (interaction),0.00833333333333332,-0.009523809523809532,0.02619047619047617,0.43802809859507025,42,score,loop,all
C5 ai_ban_miri - ai_ban,-0.009523809523809525,-0.027380952380952377,0.008333333333333328,0.36918154092295385,42,score,loop,all
C6 mining_ban - mining_industry,0.019047619047619046,0.007142857142857147,0.030952380952380953,0.005149742512874356,42,score,loop,all
C8 ban - industry (both domains),0.023214285714285708,0.011309523809523811,0.03511904761904761,0.00044997750112494374,42,score,loop,all
C1 ai_ban - ai_neutral,0.0,0.0,0.0,1.0,6,score,loop,fable
C2 ai_ban - ai_industry,0.0,0.0,0.0,1.0,6,score,loop,fable
C3 AI-specific stance (interaction),0.0,0.0,0.0,1.0,6,score,loop,fable
C5 ai_ban_miri - ai_ban,-0.00833333333333334,-0.025000000000000022,0.0,1.0,6,score,loop,fable
C6 mining_ban - mining_industry,0.0,0.0,0.0,1.0,6,score,loop,fable
C8 ban - industry (both domains),0.0,0.0,0.0,1.0,6,score,loop,fable
C1 ai_ban - ai_neutral,0.0075000000000000015,-0.022499999999999992,0.03749999999999999,0.7542622868856557,20,score,loop,haiku
C2 ai_ban - ai_industry,0.04749999999999998,0.01999999999999999,0.07499999999999998,0.008049597520123995,20,score,loop,haiku
C3 AI-specific stance (interaction),0.007499999999999979,-0.025000000000000005,0.037499999999999985,0.7637118144092795,20,score,loop,haiku
C5 ai_ban_miri - ai_ban,0.0024999999999999966,-0.029999999999999992,0.03499999999999999,1.0,20,score,loop,haiku
C6 mining_ban - mining_industry,0.039999999999999994,0.017500000000000005,0.062499999999999986,0.004899755012249388,20,score,loop,haiku
C8 ban - industry (both domains),0.04374999999999999,0.023749999999999986,0.0625,0.0011499425028748563,20,score,loop,haiku
C1 ai_ban - ai_neutral,0.0,0.0,0.0,1.0,8,score,loop,opus
C2 ai_ban - ai_industry,0.031249999999999986,0.0,0.07499999999999996,0.4968251587420629,8,score,loop,opus
C3 AI-specific stance (interaction),0.031249999999999986,0.0,0.07499999999999997,0.49727513624318787,8,score,loop,opus
C5 ai_ban_miri - ai_ban,-0.04999999999999999,-0.08749999999999998,-0.012499999999999997,0.12099395030248487,8,score,loop,opus
C6 mining_ban - mining_industry,0.0,0.0,0.0,1.0,8,score,loop,opus
C8 ban - industry (both domains),0.015625,0.0,0.03749999999999998,0.4977751112444378,8,score,loop,opus
C1 ai_ban - ai_neutral,0.006249999999999992,-0.018750000000000017,0.03749999999999999,1.0,8,score,loop,sonnet
C2 ai_ban - ai_industry,-0.0062500000000000056,-0.018750000000000017,0.0,1.0,8,score,loop,sonnet
C3 AI-specific stance (interaction),-0.0062500000000000056,-0.018750000000000017,0.0,1.0,8,score,loop,sonnet
C5 ai_ban_miri - ai_ban,0.0,-0.018750000000000017,0.018750000000000017,1.0,8,score,loop,sonnet
C6 mining_ban - mining_industry,0.0,0.0,0.0,1.0,8,score,loop,sonnet
C8 ban - industry (both domains),-0.0031250000000000028,-0.009375000000000008,0.0,1.0,8,score,loop,sonnet
C1 ai_ban - ai_neutral,0.07846118199857531,0.022535812950534168,0.13424657327180944,0.009799510024498775,42,log n_listed,loop,all
C2 ai_ban - ai_industry,-0.02637080071203817,-0.09707602528827167,0.04264181270968551,0.46447677616119193,42,log n_listed,loop,all
C3 AI-specific stance (interaction),0.03340923550405404,-0.04843197501632384,0.11469160915496268,0.43027848607569624,42,log n_listed,loop,all
C5 ai_ban_miri - ai_ban,0.004708696821480378,-0.05882282656566888,0.06696626590076728,0.888105594720264,42,log n_listed,loop,all
C6 mining_ban - mining_industry,-0.059780036216092194,-0.11571524350991123,-0.0022012978222697623,0.04824758762061897,42,log n_listed,loop,all
C8 ban - industry (both domains),-0.0430754184640652,-0.09138023520873628,0.007004421584154634,0.0943952802359882,42,log n_listed,loop,all
C1 ai_ban - ai_neutral,0.006623388108252322,-0.1091380527096349,0.11232764060822809,0.9669516524173791,6,log n_listed,loop,fable
C2 ai_ban - ai_industry,-0.18357974353077378,-0.3585201915323822,-0.03256313353562675,0.12174391280435978,6,log n_listed,loop,fable
C3 AI-specific stance (interaction),-0.10168995418202471,-0.3194234799898555,0.13373968256713087,0.47357632118394083,6,log n_listed,loop,fable
C5 ai_ban_miri - ai_ban,0.05546343728988271,-0.12472572904477193,0.2361932572140819,0.6263686815659217,6,log n_listed,loop,fable
C6 mining_ban - mining_industry,-0.08188978934874898,-0.20217889558405866,0.02734501160128285,0.2790860456977151,6,log n_listed,loop,fable
C8 ban - industry (both domains),-0.13273476643976134,-0.21281468347338964,-0.042474759198849465,0.09334533273336333,6,log n_listed,loop,fable
C1 ai_ban - ai_neutral,0.09684525776803188,0.014611942688403825,0.18677969291758692,0.04704764761761912,20,log n_listed,loop,haiku
C2 ai_ban - ai_industry,0.1074813406124078,0.01599219066004532,0.1923032019376174,0.03164841757912104,20,log n_listed,loop,haiku
C3 AI-specific stance (interaction),0.1272386755616849,0.0006532191629525592,0.24738361237656745,0.06599670016499175,20,log n_listed,loop,haiku
C5 ai_ban_miri - ai_ban,0.0014803234142588106,-0.0899008566752178,0.08833048492932838,0.976401179941003,20,log n_listed,loop,haiku
C6 mining_ban - mining_industry,-0.019757334949277096,-0.11510181102585963,0.07938922457030743,0.7047647617619119,20,log n_listed,loop,haiku
C8 ban - industry (both domains),0.043862002831565314,-0.025925187482775745,0.11383214111520003,0.24053797310134492,20,log n_listed,loop,haiku
C1 ai_ban - ai_neutral,0.20601739250158496,0.14086966686798047,0.2866255233348591,0.006849657517124144,8,log n_listed,loop,opus
C2 ai_ban - ai_industry,-0.08011449410643723,-0.1806042006707836,0.02838055356269542,0.21578921053947303,8,log n_listed,loop,opus
C3 AI-specific stance (interaction),0.07220018459117122,-0.06063475037927271,0.20072250670624975,0.36033198340082995,8,log n_listed,loop,opus
C5 ai_ban_miri - ai_ban,-0.051318176455276865,-0.15803825603109573,0.05960094221136286,0.3719314034298285,8,log n_listed,loop,opus
C6 mining_ban - mining_industry,-0.15231467869760845,-0.24544205510595657,-0.05454027040531783,0.032098395080245985,8,log n_listed,loop,opus
C8 ban - industry (both domains),-0.11621458640202292,-0.19571461620639066,-0.04492666814677057,0.015799210039498024,8,log n_listed,loop,opus
C1 ai_ban - ai_neutral,-0.04117687251033353,-0.1442622629652207,0.06459883860295473,0.49397530123493827,8,log n_listed,loop,sonnet
C2 ai_ban - ai_industry,-0.18935075351470232,-0.31349547437304315,-0.07932397547177217,0.014599270036498175,8,log n_listed,loop,sonnet
C3 AI-specific stance (interaction),-0.1386309214625812,-0.23906153863811763,-0.05210170405403114,0.014749262536873156,8,log n_listed,loop,sonnet
C5 ai_ban_miri - ai_ban,0.030740448264989784,-0.12545155889354231,0.19306861147890114,0.744612769361532,8,log n_listed,loop,sonnet
C6 mining_ban - mining_industry,-0.050719832052121105,-0.13404428705453586,0.025749732444186435,0.28763561821908906,8,log n_listed,loop,sonnet
C8 ban - industry (both domains),-0.12003529278341166,-0.21150060049682914,-0.0350155831210856,0.024048797560121994,8,log n_listed,loop,sonnet
C1 ai_ban - ai_neutral,-0.44047619047619047,-0.5833333333333334,-0.2976190476190476,4.999750012499375e-05,42,P_calibration,loop,all
C2 ai_ban - ai_industry,-0.5238095238095238,-0.6666666666666666,-0.38095238095238093,4.999750012499375e-05,42,P_calibration,loop,all
C3 AI-specific stance (interaction),0.21428571428571427,0.023809523809523808,0.40476190476190477,0.04119794010299485,42,P_calibration,loop,all
C5 ai_ban_miri - ai_ban,-0.09523809523809523,-0.25,0.05952380952380952,0.29668516574171294,42,P_calibration,loop,all
C6 mining_ban - mining_industry,-0.7380952380952381,-0.8452380952380952,-0.6190476190476191,4.999750012499375e-05,42,P_calibration,loop,all
C8 ban - industry (both domains),-0.6309523809523809,-0.7261904761904762,-0.5357142857142857,4.999750012499375e-05,42,P_calibration,loop,all
C1 ai_ban - ai_neutral,-0.5833333333333334,-0.8333333333333334,-0.3333333333333333,0.062496875156242186,6,P_calibration,loop,fable
C2 ai_ban - ai_industry,-0.4166666666666667,-0.75,-0.08333333333333333,0.24763761811909404,6,P_calibration,loop,fable
C3 AI-specific stance (interaction),0.08333333333333333,-0.5,0.6666666666666666,1.0,6,P_calibration,loop,fable
C5 ai_ban_miri - ai_ban,0.0,-0.3333333333333333,0.3333333333333333,1.0,6,P_calibration,loop,fable
C6 mining_ban - mining_industry,-0.5,-0.8333333333333334,-0.16666666666666666,0.24868756562171893,6,P_calibration,loop,fable
C8 ban - industry (both domains),-0.4583333333333333,-0.7083333333333334,-0.20833333333333334,0.06379681015949203,6,P_calibration,loop,fable
C1 ai_ban - ai_neutral,-0.5,-0.7,-0.3,0.0008999550022498875,20,P_calibration,loop,haiku
C2 ai_ban - ai_industry,-0.775,-0.95,-0.6,4.999750012499375e-05,20,P_calibration,loop,haiku
C3 AI-specific stance (interaction),0.025,-0.175,0.225,1.0,20,P_calibration,loop,haiku
C5 ai_ban_miri - ai_ban,0.0,-0.125,0.1,1.0,20,P_calibration,loop,haiku
C6 mining_ban - mining_industry,-0.8,-0.925,-0.65,4.999750012499375e-05,20,P_calibration,loop,haiku
C8 ban - industry (both domains),-0.7875,-0.9,-0.65,4.999750012499375e-05,20,P_calibration,loop,haiku
C1 ai_ban - ai_neutral,-0.25,-0.625,0.0,0.5013749312534374,8,P_calibration,loop,opus
C2 ai_ban - ai_industry,-0.25,-0.625,0.0,0.5025248737563122,8,P_calibration,loop,opus
C3 AI-specific stance (interaction),0.5,0.0,0.875,0.14074296285185742,8,P_calibration,loop,opus
C5 ai_ban_miri - ai_ban,-0.4375,-0.8125,0.0,0.1488925553722314,8,P_calibration,loop,opus
C6 mining_ban - mining_industry,-0.75,-0.9375,-0.5,0.01544922753862307,8,P_calibration,loop,opus
C8 ban - industry (both domains),-0.5,-0.65625,-0.375,0.007949602519874007,8,P_calibration,loop,opus
C1 ai_ban - ai_neutral,-0.375,-0.6875,-0.0625,0.1591920403979801,8,P_calibration,loop,sonnet
C2 ai_ban - ai_industry,-0.25,-0.5625,0.0625,0.3129843507824609,8,P_calibration,loop,sonnet
C3 AI-specific stance (interaction),0.5,0.0625,0.9375,0.12274386280685966,8,P_calibration,loop,sonnet
C5 ai_ban_miri - ai_ban,-0.0625,-0.5625,0.4375,1.0,8,P_calibration,loop,sonnet
C6 mining_ban - mining_industry,-0.75,-0.9375,-0.5,0.01609919504024799,8,P_calibration,loop,sonnet
C8 ban - industry (both domains),-0.5,-0.6875,-0.34375,0.007899605019749012,8,P_calibration,loop,sonnet
C1 ai_ban - ai_neutral,0.011904761904761904,0.0,0.03571428571428571,1.0,42,P_holdback,loop,all
C2 ai_ban - ai_industry,-0.4523809523809524,-0.5833333333333334,-0.30952380952380953,4.999750012499375e-05,42,P_holdback,loop,all
C3 AI-specific stance (interaction),0.13095238095238096,-0.05952380952380952,0.30952380952380953,0.21683915804209788,42,P_holdback,loop,all
C5 ai_ban_miri - ai_ban,-0.011904761904761904,-0.03571428571428571,0.0,1.0,42,P_holdback,loop,all
C6 mining_ban - mining_industry,-0.5833333333333334,-0.7261904761904762,-0.42857142857142855,4.999750012499375e-05,42,P_holdback,loop,all
C8 ban - industry (both domains),-0.5178571428571429,-0.625,-0.4107142857142857,4.999750012499375e-05,42,P_holdback,loop,all
C1 ai_ban - ai_neutral,0.08333333333333333,0.0,0.25,1.0,6,P_holdback,loop,fable
C2 ai_ban - ai_industry,-0.25,-0.5833333333333334,0.0,0.4967251637418129,6,P_holdback,loop,fable
C3 AI-specific stance (interaction),0.3333333333333333,-0.08333333333333333,0.75,0.3819309034548273,6,P_holdback,loop,fable
C5 ai_ban_miri - ai_ban,-0.08333333333333333,-0.25,0.0,1.0,6,P_holdback,loop,fable
C6 mining_ban - mining_industry,-0.5833333333333334,-0.9166666666666666,-0.16666666666666666,0.12579371031448427,6,P_holdback,loop,fable
C8 ban - industry (both domains),-0.4166666666666667,-0.6666666666666666,-0.20833333333333334,0.06024698765061747,6,P_holdback,loop,fable
C1 ai_ban - ai_neutral,0.0,0.0,0.0,1.0,20,P_holdback,loop,haiku
C2 ai_ban - ai_industry,-0.3,-0.5,-0.125,0.014999250037498125,20,P_holdback,loop,haiku
C3 AI-specific stance (interaction),-0.05,-0.35,0.275,0.8754562271886406,20,P_holdback,loop,haiku
C5 ai_ban_miri - ai_ban,0.0,0.0,0.0,1.0,20,P_holdback,loop,haiku
C6 mining_ban - mining_industry,-0.25,-0.45,-0.1,0.06019699015049248,20,P_holdback,loop,haiku
C8 ban - industry (both domains),-0.275,-0.375,-0.175,0.0006499675016249188,20,P_holdback,loop,haiku
C1 ai_ban - ai_neutral,0.0,0.0,0.0,1.0,8,P_holdback,loop,opus
C2 ai_ban - ai_industry,-0.8125,-0.9375,-0.625,0.007049647517624119,8,P_holdback,loop,opus
C3 AI-specific stance (interaction),0.1875,0.0625,0.375,0.2455377231138443,8,P_holdback,loop,opus
C5 ai_ban_miri - ai_ban,0.0,0.0,0.0,1.0,8,P_holdback,loop,opus
C6 mining_ban - mining_industry,-1.0,-1.0,-1.0,0.0066996650167491624,8,P_holdback,loop,opus
C8 ban - industry (both domains),-0.90625,-0.96875,-0.8125,0.008199590020498975,8,P_holdback,loop,opus
C1 ai_ban - ai_neutral,0.0,0.0,0.0,1.0,8,P_holdback,loop,sonnet
C2 ai_ban - ai_industry,-0.625,-0.875,-0.3125,0.030848457577121145,8,P_holdback,loop,sonnet
C3 AI-specific stance (interaction),0.375,0.125,0.6875,0.12454377281135944,8,P_holdback,loop,sonnet
C5 ai_ban_miri - ai_ban,0.0,0.0,0.0,1.0,8,P_holdback,loop,sonnet
C6 mining_ban - mining_industry,-1.0,-1.0,-1.0,0.007049647517624119,8,P_holdback,loop,sonnet
C8 ban - industry (both domains),-0.8125,-0.9375,-0.65625,0.008699565021748913,8,P_holdback,loop,sonnet
C1 ai_ban - ai_neutral,0.10714285714285714,0.011904761904761904,0.21428571428571427,0.0784460776961152,42,P_grandfather_step,loop,all
C2 ai_ban - ai_industry,0.3333333333333333,0.20238095238095238,0.47619047619047616,4.999750012499375e-05,42,P_grandfather_step,loop,all
C3 AI-specific stance (interaction),-0.25,-0.42857142857142855,-0.07142857142857142,0.013299335033248337,42,P_grandfather_step,loop,all
C5 ai_ban_miri - ai_ban,0.03571428571428571,0.0,0.09523809523809523,0.49452527373631316,42,P_grandfather_step,loop,all
C6 mining_ban - mining_industry,0.5833333333333334,0.44047619047619047,0.7142857142857143,4.999750012499375e-05,42,P_grandfather_step,loop,all
C8 ban - industry (both domains),0.4583333333333333,0.35119047619047616,0.5654761904761905,4.999750012499375e-05,42,P_grandfather_step,loop,all
C1 ai_ban - ai_neutral,0.0,0.0,0.0,1.0,6,P_grandfather_step,loop,fable
C2 ai_ban - ai_industry,0.08333333333333333,0.0,0.25,1.0,6,P_grandfather_step,loop,fable
C3 AI-specific stance (interaction),0.0,0.0,0.0,1.0,6,P_grandfather_step,loop,fable
C5 ai_ban_miri - ai_ban,0.0,0.0,0.0,1.0,6,P_grandfather_step,loop,fable
C6 mining_ban - mining_industry,0.08333333333333333,0.0,0.25,1.0,6,P_grandfather_step,loop,fable
C8 ban - industry (both domains),0.08333333333333333,0.0,0.25,1.0,6,P_grandfather_step,loop,fable
C1 ai_ban - ai_neutral,0.225,0.025,0.425,0.07639618019099045,20,P_grandfather_step,loop,haiku
C2 ai_ban - ai_industry,0.425,0.2,0.65,0.005399730013499325,20,P_grandfather_step,loop,haiku
C3 AI-specific stance (interaction),-0.3,-0.6,0.0,0.09784510774461277,20,P_grandfather_step,loop,haiku
C5 ai_ban_miri - ai_ban,0.075,0.0,0.2,0.49962501874906257,20,P_grandfather_step,loop,haiku
C6 mining_ban - mining_industry,0.725,0.525,0.9,0.000199990000499975,20,P_grandfather_step,loop,haiku
C8 ban - industry (both domains),0.575,0.425,0.725,4.999750012499375e-05,20,P_grandfather_step,loop,haiku
C1 ai_ban - ai_neutral,0.0,0.0,0.0,1.0,8,P_grandfather_step,loop,opus
C2 ai_ban - ai_industry,0.375,0.125,0.6875,0.13109344532773362,8,P_grandfather_step,loop,opus
C3 AI-specific stance (interaction),-0.1875,-0.5625,0.1875,0.560721963901805,8,P_grandfather_step,loop,opus
C5 ai_ban_miri - ai_ban,0.0,0.0,0.0,1.0,8,P_grandfather_step,loop,opus
C6 mining_ban - mining_industry,0.5625,0.25,0.875,0.06359682015899205,8,P_grandfather_step,loop,opus
C8 ban - industry (both domains),0.46875,0.21875,0.6875,0.0311984400779961,8,P_grandfather_step,loop,opus
C1 ai_ban - ai_neutral,0.0,0.0,0.0,1.0,8,P_grandfather_step,loop,sonnet
C2 ai_ban - ai_industry,0.25,0.0625,0.5,0.25523723813809307,8,P_grandfather_step,loop,sonnet
C3 AI-specific stance (interaction),-0.375,-0.6875,-0.0625,0.15539223038848057,8,P_grandfather_step,loop,sonnet
C5 ai_ban_miri - ai_ban,0.0,0.0,0.0,1.0,8,P_grandfather_step,loop,sonnet
C6 mining_ban - mining_industry,0.625,0.3125,0.875,0.03184840757962102,8,P_grandfather_step,loop,sonnet
C8 ban - industry (both domains),0.4375,0.25,0.65625,0.014999250037498125,8,P_grandfather_step,loop,sonnet
C1 ai_ban - ai_neutral,-0.023809523809523808,-0.05952380952380952,0.0,0.503924803759812,42,P_reliance_caveat,loop,all
C2 ai_ban - ai_industry,-0.7738095238095238,-0.8928571428571429,-0.6547619047619048,4.999750012499375e-05,42,P_reliance_caveat,loop,all
C3 AI-specific stance (interaction),-0.21428571428571427,-0.38095238095238093,-0.03571428571428571,0.029798510074496274,42,P_reliance_caveat,loop,all
C5 ai_ban_miri - ai_ban,0.0,0.0,0.0,1.0,42,P_reliance_caveat,loop,all
C6 mining_ban - mining_industry,-0.5595238095238095,-0.7023809523809523,-0.4166666666666667,4.999750012499375e-05,42,P_reliance_caveat,loop,all
C8 ban - industry (both domains),-0.6666666666666666,-0.7619047619047619,-0.5654761904761905,4.999750012499375e-05,42,P_reliance_caveat,loop,all
C1 ai_ban - ai_neutral,-0.16666666666666666,-0.3333333333333333,0.0,0.5028748562571871,6,P_reliance_caveat,loop,fable
C2 ai_ban - ai_industry,-0.5,-0.8333333333333334,-0.16666666666666666,0.24858757062146894,6,P_reliance_caveat,loop,fable
C3 AI-specific stance (interaction),0.08333333333333333,-0.25,0.5,1.0,6,P_reliance_caveat,loop,fable
C5 ai_ban_miri - ai_ban,0.0,0.0,0.0,1.0,6,P_reliance_caveat,loop,fable
C6 mining_ban - mining_industry,-0.5833333333333334,-0.9166666666666666,-0.25,0.12589370531473426,6,P_reliance_caveat,loop,fable
C8 ban - industry (both domains),-0.5416666666666666,-0.875,-0.20833333333333334,0.12549372531373432,6,P_reliance_caveat,loop,fable
C1 ai_ban - ai_neutral,0.0,0.0,0.0,1.0,20,P_reliance_caveat,loop,haiku
C2 ai_ban - ai_industry,-0.675,-0.85,-0.5,9.99950002499875e-05,20,P_reliance_caveat,loop,haiku
C3 AI-specific stance (interaction),-0.325,-0.625,-0.025,0.07974601269936503,20,P_reliance_caveat,loop,haiku
C5 ai_ban_miri - ai_ban,0.0,0.0,0.0,1.0,20,P_reliance_caveat,loop,haiku
C6 mining_ban - mining_industry,-0.35,-0.55,-0.15,0.007899605019749012,20,P_reliance_caveat,loop,haiku
C8 ban - industry (both domains),-0.5125,-0.6375,-0.4,4.999750012499375e-05,20,P_reliance_caveat,loop,haiku
C1 ai_ban - ai_neutral,0.0,0.0,0.0,1.0,8,P_reliance_caveat,loop,opus
C2 ai_ban - ai_industry,-1.0,-1.0,-1.0,0.007799610019499025,8,P_reliance_caveat,loop,opus
C3 AI-specific stance (interaction),-0.25,-0.5,-0.06093750000002274,0.25568721563921804,8,P_reliance_caveat,loop,opus
C5 ai_ban_miri - ai_ban,0.0,0.0,0.0,1.0,8,P_reliance_caveat,loop,opus
C6 mining_ban - mining_industry,-0.75,-0.9375,-0.5,0.014799260036998151,8,P_reliance_caveat,loop,opus
C8 ban - industry (both domains),-0.875,-0.96875,-0.75,0.006849657517124144,8,P_reliance_caveat,loop,opus
C1 ai_ban - ai_neutral,0.0,0.0,0.0,1.0,8,P_reliance_caveat,loop,sonnet
C2 ai_ban - ai_industry,-1.0,-1.0,-1.0,0.007049647517624119,8,P_reliance_caveat,loop,sonnet
C3 AI-specific stance (interaction),-0.125,-0.375,0.0,1.0,8,P_reliance_caveat,loop,sonnet
C5 ai_ban_miri - ai_ban,0.0,0.0,0.0,1.0,8,P_reliance_caveat,loop,sonnet
C6 mining_ban - mining_industry,-0.875,-1.0,-0.625,0.0167991600419979,8,P_reliance_caveat,loop,sonnet
C8 ban - industry (both domains),-0.9375,-1.0,-0.8125,0.007849607519624019,8,P_reliance_caveat,loop,sonnet
C1 ai_ban - ai_neutral,0.03571428571428571,-0.10714285714285714,0.17857142857142858,0.8145592720363982,28,I6a_foreign_use,loopc,all
C2 ai_ban - ai_industry,0.03571428571428571,-0.10714285714285714,0.17857142857142858,1.0,28,I6a_foreign_use,loopc,all
C3 AI-specific stance (interaction),0.0,-0.17857142857142858,0.17857142857142858,1.0,28,I6a_foreign_use,loopc,all
C6 mining_ban - mining_industry,0.03571428571428571,0.0,0.10714285714285714,1.0,28,I6a_foreign_use,loopc,all
C8 ban - industry (both domains),0.03571428571428571,-0.05357142857142857,0.125,0.688365581720914,28,I6a_foreign_use,loopc,all
C1 ai_ban - ai_neutral,0.0,0.0,0.0,1.0,4,I6a_foreign_use,loopc,fable
C2 ai_ban - ai_industry,0.0,0.0,0.0,1.0,4,I6a_foreign_use,loopc,fable
C3 AI-specific stance (interaction),0.0,0.0,0.0,1.0,4,I6a_foreign_use,loopc,fable
C6 mining_ban - mining_industry,0.0,0.0,0.0,1.0,4,I6a_foreign_use,loopc,fable
C8 ban - industry (both domains),0.0,0.0,0.0,1.0,4,I6a_foreign_use,loopc,fable
C1 ai_ban - ai_neutral,0.08333333333333333,-0.16666666666666666,0.3333333333333333,0.752312384380781,12,I6a_foreign_use,loopc,haiku
C2 ai_ban - ai_industry,0.16666666666666666,-0.16666666666666666,0.5,0.6186690665466726,12,I6a_foreign_use,loopc,haiku
C3 AI-specific stance (interaction),0.08333333333333333,-0.25,0.4166666666666667,1.0,12,I6a_foreign_use,loopc,haiku
C6 mining_ban - mining_industry,0.08333333333333333,0.0,0.25,1.0,12,I6a_foreign_use,loopc,haiku
C8 ban - industry (both domains),0.125,-0.041666666666666664,0.2916666666666667,0.37563121843907804,12,I6a_foreign_use,loopc,haiku
C1 ai_ban - ai_neutral,-0.16666666666666666,-0.5,0.0,1.0,6,I6a_foreign_use,loopc,opus
C2 ai_ban - ai_industry,-0.16666666666666666,-0.5,0.0,1.0,6,I6a_foreign_use,loopc,opus
C3 AI-specific stance (interaction),-0.16666666666666666,-0.5,0.0,1.0,6,I6a_foreign_use,loopc,opus
C6 mining_ban - mining_industry,0.0,0.0,0.0,1.0,6,I6a_foreign_use,loopc,opus
C8 ban - industry (both domains),-0.08333333333333333,-0.25,0.0,1.0,6,I6a_foreign_use,loopc,opus
C1 ai_ban - ai_neutral,0.16666666666666666,0.0,0.5,1.0,6,I6a_foreign_use,loopc,sonnet
C2 ai_ban - ai_industry,0.0,0.0,0.0,1.0,6,I6a_foreign_use,loopc,sonnet
C3 AI-specific stance (interaction),0.0,0.0,0.0,1.0,6,I6a_foreign_use,loopc,sonnet
C6 mining_ban - mining_industry,0.0,0.0,0.0,1.0,6,I6a_foreign_use,loopc,sonnet
C8 ban - industry (both domains),0.0,0.0,0.0,1.0,6,I6a_foreign_use,loopc,sonnet
C1 ai_ban - ai_neutral,0.008928571428571433,-0.007142857142857137,0.025,0.4177291135443228,28,score,loopc,all
C2 ai_ban - ai_industry,0.012499999999999999,-0.0035714285714285704,0.030357142857142853,0.22098895055247236,28,score,loopc,all
C3 AI-specific stance (interaction),0.008928571428571428,-0.008928571428571428,0.02857142857142856,0.4511774411279436,28,score,loopc,all
C6 mining_ban - mining_industry,0.0035714285714285704,0.0,0.010714285714285713,1.0,28,score,loopc,all
C8 ban - industry (both domains),0.008035714285714276,-0.0008928571428571555,0.017857142857142846,0.1272936353182341,28,score,loopc,all
C1 ai_ban - ai_neutral,0.0,0.0,0.0,1.0,4,score,loopc,fable
C2 ai_ban - ai_industry,0.0,0.0,0.0,1.0,4,score,loopc,fable
C3 AI-specific stance (interaction),0.0,0.0,0.0,1.0,4,score,loopc,fable
C6 mining_ban - mining_industry,0.0,0.0,0.0,1.0,4,score,loopc,fable
C8 ban - industry (both domains),0.0,0.0,0.0,1.0,4,score,loopc,fable
C1 ai_ban - ai_neutral,0.00833333333333334,-0.016666666666666663,0.03333333333333335,0.7541122943852807,12,score,loopc,haiku
C2 ai_ban - ai_industry,0.016666666666666663,-0.016666666666666663,0.04999999999999999,0.6248187590620469,12,score,loopc,haiku
C3 AI-specific stance (interaction),0.008333333333333323,-0.025000000000000022,0.04166666666666666,1.0,12,score,loopc,haiku
C6 mining_ban - mining_industry,0.008333333333333331,0.0,0.024999999999999994,1.0,12,score,loopc,haiku
C8 ban - industry (both domains),0.012499999999999975,-0.004166666666666707,0.02916666666666666,0.37023148842557874,12,score,loopc,haiku
C1 ai_ban - ai_neutral,0.00833333333333334,-0.04166666666666665,0.05833333333333333,1.0,6,score,loopc,opus
C2 ai_ban - ai_industry,0.025000000000000005,-0.016666666666666646,0.06666666666666665,0.5013749312534374,6,score,loopc,opus
C3 AI-specific stance (interaction),0.025000000000000022,-0.016666666666666607,0.06666666666666665,0.5073246337683116,6,score,loopc,opus
C6 mining_ban - mining_industry,0.0,0.0,0.0,1.0,6,score,loopc,opus
C8 ban - industry (both domains),0.012500000000000011,-0.00833333333333334,0.03333333333333336,0.49477526123693816,6,score,loopc,opus
C1 ai_ban - ai_neutral,0.016666666666666663,0.0,0.04999999999999999,1.0,6,score,loopc,sonnet
C2 ai_ban - ai_industry,0.0,0.0,0.0,1.0,6,score,loopc,sonnet
C3 AI-specific stance (interaction),0.0,0.0,0.0,1.0,6,score,loopc,sonnet
C6 mining_ban - mining_industry,0.0,0.0,0.0,1.0,6,score,loopc,sonnet
C8 ban - industry (both domains),0.0,0.0,0.0,1.0,6,score,loopc,sonnet
C1 ai_ban - ai_neutral,0.060542180311603584,-0.004345564760683756,0.1249567276945132,0.0815459227038648,28,log n_listed,loopc,all
C2 ai_ban - ai_industry,0.014110184373593983,-0.04572016406348029,0.08230721488158256,0.671666416679166,28,log n_listed,loopc,all
C3 AI-specific stance (interaction),0.025973615190730555,-0.07558827810742984,0.13847587085200522,0.648767561621919,28,log n_listed,loopc,all
C6 mining_ban - mining_industry,-0.011863430817136573,-0.08098348216775332,0.05564922008604025,0.735913204339783,28,log n_listed,loopc,all
C8 ban - industry (both domains),0.0011233767782286971,-0.03628667675655124,0.03921615997469658,0.9548022598870056,28,log n_listed,loopc,all
C1 ai_ban - ai_neutral,0.09382873734799835,-0.14894585935737226,0.25920789651633336,0.6254187290635468,4,log n_listed,loopc,fable
C2 ai_ban - ai_industry,0.029145491950318125,-0.06355850122342943,0.15265270927895402,0.8729063546822659,4,log n_listed,loopc,fable
C3 AI-specific stance (interaction),0.09279516728031445,0.03260720879326573,0.14653609360734365,0.24648767561621918,4,log n_listed,loopc,fable
C6 mining_ban - mining_industry,-0.06364967532999632,-0.16921268112104748,0.04191333046105483,0.49547522623868806,4,log n_listed,loopc,fable
C8 ban - industry (both domains),-0.017252091689839044,-0.11638559117223835,0.08259065270392424,0.8766061696915154,4,log n_listed,loopc,fable
C1 ai_ban - ai_neutral,0.05823920327226806,-0.052741835209942765,0.16515753005993358,0.34203289835508227,12,log n_listed,loopc,haiku
C2 ai_ban - ai_industry,0.07167270270398962,-0.049796960334344546,0.19811179675413237,0.3169841507924604,12,log n_listed,loopc,haiku
C3 AI-specific stance (interaction),0.09174206424035643,-0.1268941115151884,0.3157583765332492,0.4605769711514424,12,log n_listed,loopc,haiku
C6 mining_ban - mining_industry,-0.02006936153636681,-0.14826267632977755,0.10770881893257758,0.7713614319284036,12,log n_listed,loopc,haiku
C8 ban - industry (both domains),0.025801670583811387,-0.0313796875879161,0.08479678173819084,0.4229288535573221,12,log n_listed,loopc,haiku
C1 ai_ban - ai_neutral,0.06613836245294828,0.019393816006474534,0.11576482508443216,0.06429678516074196,6,log n_listed,loopc,opus
C2 ai_ban - ai_industry,-0.049373582850347285,-0.12218797090763293,0.043308221874231854,0.31373431328433576,6,log n_listed,loopc,opus
C3 AI-specific stance (interaction),-0.06983027532302548,-0.20465428261413687,0.08429903455560613,0.4044297785110744,6,log n_listed,loopc,opus
C6 mining_ban - mining_industry,0.02045669247267819,-0.08907233844761701,0.14688906287027645,0.7784110794460277,6,log n_listed,loopc,opus
C8 ban - industry (both domains),-0.014458445188834582,-0.08396787174620042,0.05988197761514713,0.8417579121043948,6,log n_listed,loopc,opus
C1 ai_ban - ai_neutral,0.03736091422466677,-0.10199057642541438,0.16994691866462375,0.6257187140642968,6,log n_listed,loopc,sonnet
C2 ai_ban - ai_industry,-0.04755462344773879,-0.11002066348288715,0.014911416587409576,0.24753762311884406,6,log n_listed,loopc,sonnet
C3 AI-specific stance (interaction),-0.054307093787821094,-0.13950570120779812,0.06263239826467155,0.38278086095695213,6,log n_listed,loopc,sonnet
C6 mining_ban - mining_industry,0.006752470340082306,-0.10427015194088456,0.1034363014993982,0.8751062446877657,6,log n_listed,loopc,sonnet
C8 ban - industry (both domains),-0.02040107655382824,-0.09055162063319651,0.0507103682545346,0.6531173441327933,6,log n_listed,loopc,sonnet
C1 ai_ban - ai_neutral,-0.125,-0.30357142857142855,0.05357142857142857,0.26698665066746663,28,P_calibration,loopc,all
C2 ai_ban - ai_industry,-0.17857142857142858,-0.3392857142857143,-0.017857142857142856,0.07244637768111595,28,P_calibration,loopc,all
C3 AI-specific stance (interaction),-0.03571428571428571,-0.25,0.17857142857142858,0.8672066396680166,28,P_calibration,loopc,all
C6 mining_ban - mining_industry,-0.14285714285714285,-0.2857142857142857,0.0,0.0968451577421129,28,P_calibration,loopc,all
C8 ban - industry (both domains),-0.16071428571428573,-0.26785714285714285,-0.044642857142857144,0.015499225038748062,28,P_calibration,loopc,all
C1 ai_ban - ai_neutral,0.25,0.0,0.5,0.49872506374681264,4,P_calibration,loopc,fable
C2 ai_ban - ai_industry,0.0,0.0,0.0,1.0,4,P_calibration,loopc,fable
C3 AI-specific stance (interaction),-0.125,-0.5,0.25,1.0,4,P_calibration,loopc,fable
C6 mining_ban - mining_industry,0.125,-0.25,0.5,1.0,4,P_calibration,loopc,fable
C8 ban - industry (both domains),0.0625,-0.125,0.25,1.0,4,P_calibration,loopc,fable
C1 ai_ban - ai_neutral,-0.125,-0.4166666666666667,0.16666666666666666,0.5942202889855507,12,P_calibration,loopc,haiku
C2 ai_ban - ai_industry,-0.16666666666666666,-0.4583333333333333,0.16666666666666666,0.4694765261736913,12,P_calibration,loopc,haiku
C3 AI-specific stance (interaction),0.08333333333333333,-0.2916666666666667,0.4583333333333333,0.8431578421078946,12,P_calibration,loopc,haiku
C6 mining_ban - mining_industry,-0.25,-0.4166666666666667,-0.08333333333333333,0.062146892655367235,12,P_calibration,loopc,haiku
C8 ban - industry (both domains),-0.20833333333333334,-0.375,-0.041666666666666664,0.0776461176941153,12,P_calibration,loopc,haiku
C1 ai_ban - ai_neutral,-0.25,-0.4166666666666667,-0.08333333333333333,0.24453777311134442,6,P_calibration,loopc,opus
C2 ai_ban - ai_industry,-0.25,-0.4166666666666667,-0.08333333333333333,0.24593770311484425,6,P_calibration,loopc,opus
C3 AI-specific stance (interaction),0.0,-0.3333333333333333,0.3333333333333333,1.0,6,P_calibration,loopc,opus
C6 mining_ban - mining_industry,-0.25,-0.4166666666666667,-0.08333333333333333,0.25638718064096794,6,P_calibration,loopc,opus
C8 ban - industry (both domains),-0.25,-0.375,-0.125,0.06294685265736713,6,P_calibration,loopc,opus
C1 ai_ban - ai_neutral,-0.25,-0.75,0.25,0.5665716714164292,6,P_calibration,loopc,sonnet
C2 ai_ban - ai_industry,-0.25,-0.6666666666666666,0.16666666666666666,0.4992750362481876,6,P_calibration,loopc,sonnet
C3 AI-specific stance (interaction),-0.25,-0.6666666666666666,0.16666666666666666,0.4942252887355632,6,P_calibration,loopc,sonnet
C6 mining_ban - mining_industry,0.0,-0.3333333333333333,0.3333333333333333,1.0,6,P_calibration,loopc,sonnet
C8 ban - industry (both domains),-0.125,-0.4166666666666667,0.20833333333333334,0.6250187490625468,6,P_calibration,loopc,sonnet
C1 ai_ban - ai_neutral,0.017857142857142856,0.0,0.05357142857142857,1.0,28,P_holdback,loopc,all
C2 ai_ban - ai_industry,-0.16071428571428573,-0.30357142857142855,-0.03571428571428571,0.06354682265886706,28,P_holdback,loopc,all
C3 AI-specific stance (interaction),0.19642857142857142,-0.03571428571428571,0.42857142857142855,0.15794210289485525,28,P_holdback,loopc,all
C6 mining_ban - mining_industry,-0.35714285714285715,-0.5357142857142857,-0.19642857142857142,0.0007999600019999,28,P_holdback,loopc,all
C8 ban - industry (both domains),-0.25892857142857145,-0.36607142857142855,-0.16071428571428573,0.000199990000499975,28,P_holdback,loopc,all
C1 ai_ban - ai_neutral,0.0,0.0,0.0,1.0,4,P_holdback,loopc,fable
C2 ai_ban - ai_industry,-0.25,-0.75,0.0,1.0,4,P_holdback,loopc,fable
C3 AI-specific stance (interaction),-0.25,-0.75,0.0,1.0,4,P_holdback,loopc,fable
C6 mining_ban - mining_industry,0.0,0.0,0.0,1.0,4,P_holdback,loopc,fable
C8 ban - industry (both domains),-0.125,-0.375,0.0,1.0,4,P_holdback,loopc,fable
C1 ai_ban - ai_neutral,0.0,0.0,0.0,1.0,12,P_holdback,loopc,haiku
C2 ai_ban - ai_industry,-0.20833333333333334,-0.4583333333333333,0.0,0.25168741562921854,12,P_holdback,loopc,haiku
C3 AI-specific stance (interaction),0.20833333333333334,-0.16666666666666666,0.5833333333333334,0.38133093345332736,12,P_holdback,loopc,haiku
C6 mining_ban - mining_industry,-0.4166666666666667,-0.6666666666666666,-0.16666666666666666,0.06294685265736713,12,P_holdback,loopc,haiku
C8 ban - industry (both domains),-0.3125,-0.5,-0.14583333333333334,0.015949202539873007,12,P_holdback,loopc,haiku
C1 ai_ban - ai_neutral,0.08333333333333333,0.0,0.25,1.0,6,P_holdback,loopc,opus
C2 ai_ban - ai_industry,-0.16666666666666666,-0.5833333333333334,0.16666666666666666,0.7565121743912805,6,P_holdback,loopc,opus
C3 AI-specific stance (interaction),-0.08333333333333333,-0.5,0.3333333333333333,1.0,6,P_holdback,loopc,opus
C6 mining_ban - mining_industry,-0.08333333333333333,-0.25,0.0,1.0,6,P_holdback,loopc,opus
C8 ban - industry (both domains),-0.125,-0.3333333333333333,0.08333333333333333,0.5025748712564372,6,P_holdback,loopc,opus
C1 ai_ban - ai_neutral,0.0,0.0,0.0,1.0,6,P_holdback,loopc,sonnet
C2 ai_ban - ai_industry,0.0,0.0,0.0,1.0,6,P_holdback,loopc,sonnet
C3 AI-specific stance (interaction),0.75,0.4166666666666667,1.0,0.06204689765511724,6,P_holdback,loopc,sonnet
C6 mining_ban - mining_industry,-0.75,-1.0,-0.4166666666666667,0.06254687265636719,6,P_holdback,loopc,sonnet
C8 ban - industry (both domains),-0.375,-0.5,-0.20833333333333334,0.06344682765861707,6,P_holdback,loopc,sonnet
C1 ai_ban - ai_neutral,0.125,0.03571428571428571,0.25,0.06149692515374231,28,P_grandfather_step,loopc,all
C2 ai_ban - ai_industry,0.08928571428571429,0.017857142857142856,0.17857142857142858,0.1285935703214839,28,P_grandfather_step,loopc,all
C3 AI-specific stance (interaction),-0.19642857142857142,-0.35714285714285715,-0.05357142857142857,0.03974801259937003,28,P_grandfather_step,loopc,all
C6 mining_ban - mining_industry,0.2857142857142857,0.14285714285714285,0.44642857142857145,0.0019499025048747563,28,P_grandfather_step,loopc,all
C8 ban - industry (both domains),0.1875,0.09821428571428571,0.2857142857142857,0.0010999450027498626,28,P_grandfather_step,loopc,all
C1 ai_ban - ai_neutral,0.0,0.0,0.0,1.0,4,P_grandfather_step,loopc,fable
C2 ai_ban - ai_industry,0.0,0.0,0.0,1.0,4,P_grandfather_step,loopc,fable
C3 AI-specific stance (interaction),-0.125,-0.375,0.0,1.0,4,P_grandfather_step,loopc,fable
C6 mining_ban - mining_industry,0.125,0.0,0.375,1.0,4,P_grandfather_step,loopc,fable
C8 ban - industry (both domains),0.0625,0.0,0.1875,1.0,4,P_grandfather_step,loopc,fable
C1 ai_ban - ai_neutral,0.2916666666666667,0.08333333333333333,0.5,0.06014699265036748,12,P_grandfather_step,loopc,haiku
C2 ai_ban - ai_industry,0.20833333333333334,0.041666666666666664,0.4166666666666667,0.12294385280735963,12,P_grandfather_step,loopc,haiku
C3 AI-specific stance (interaction),-0.125,-0.4166666666666667,0.125,0.5591220438978051,12,P_grandfather_step,loopc,haiku
C6 mining_ban - mining_industry,0.3333333333333333,0.08333333333333333,0.5833333333333334,0.062146892655367235,12,P_grandfather_step,loopc,haiku
C8 ban - industry (both domains),0.2708333333333333,0.125,0.4583333333333333,0.01559922003899805,12,P_grandfather_step,loopc,haiku
C1 ai_ban - ai_neutral,0.0,0.0,0.0,1.0,6,P_grandfather_step,loopc,opus
C2 ai_ban - ai_industry,0.0,0.0,0.0,1.0,6,P_grandfather_step,loopc,opus
C3 AI-specific stance (interaction),-0.3333333333333333,-0.6666666666666666,0.0,0.5005249737513124,6,P_grandfather_step,loopc,opus
C6 mining_ban - mining_industry,0.3333333333333333,0.0,0.6666666666666666,0.4974251287435628,6,P_grandfather_step,loopc,opus
C8 ban - industry (both domains),0.16666666666666666,0.0,0.3333333333333333,0.504074796260187,6,P_grandfather_step,loopc,opus
C1 ai_ban - ai_neutral,0.0,0.0,0.0,1.0,6,P_grandfather_step,loopc,sonnet
C2 ai_ban - ai_industry,0.0,0.0,0.0,1.0,6,P_grandfather_step,loopc,sonnet
C3 AI-specific stance (interaction),-0.25,-0.5833333333333334,0.0,0.49852507374631266,6,P_grandfather_step,loopc,sonnet
C6 mining_ban - mining_industry,0.25,0.0,0.5833333333333334,0.4999250037498125,6,P_grandfather_step,loopc,sonnet
C8 ban - industry (both domains),0.125,0.0,0.2916666666666667,0.5015249237538123,6,P_grandfather_step,loopc,sonnet
C1 ai_ban - ai_neutral,0.0,0.0,0.0,1.0,28,P_reliance_caveat,loopc,all
C2 ai_ban - ai_industry,0.0,0.0,0.0,1.0,28,P_reliance_caveat,loopc,all
C3 AI-specific stance (interaction),0.017857142857142856,0.0,0.05357142857142857,1.0,28,P_reliance_caveat,loopc,all
C6 mining_ban - mining_industry,-0.017857142857142856,-0.05357142857142857,0.0,1.0,28,P_reliance_caveat,loopc,all
C8 ban - industry (both domains),-0.008928571428571428,-0.026785714285714284,0.0,1.0,28,P_reliance_caveat,loopc,all
C1 ai_ban - ai_neutral,0.0,0.0,0.0,1.0,4,P_reliance_caveat,loopc,fable
C2 ai_ban - ai_industry,0.0,0.0,0.0,1.0,4,P_reliance_caveat,loopc,fable
C3 AI-specific stance (interaction),0.0,0.0,0.0,1.0,4,P_reliance_caveat,loopc,fable
C6 mining_ban - mining_industry,0.0,0.0,0.0,1.0,4,P_reliance_caveat,loopc,fable
C8 ban - industry (both domains),0.0,0.0,0.0,1.0,4,P_reliance_caveat,loopc,fable
C1 ai_ban - ai_neutral,0.0,0.0,0.0,1.0,12,P_reliance_caveat,loopc,haiku
C2 ai_ban - ai_industry,0.0,0.0,0.0,1.0,12,P_reliance_caveat,loopc,haiku
C3 AI-specific stance (interaction),0.041666666666666664,0.0,0.125,1.0,12,P_reliance_caveat,loopc,haiku
C6 mining_ban - mining_industry,-0.041666666666666664,-0.125,0.0,1.0,12,P_reliance_caveat,loopc,haiku
C8 ban - industry (both domains),-0.020833333333333332,-0.0625,0.0,1.0,12,P_reliance_caveat,loopc,haiku
C1 ai_ban - ai_neutral,0.0,0.0,0.0,1.0,6,P_reliance_caveat,loopc,opus
C2 ai_ban - ai_industry,0.0,0.0,0.0,1.0,6,P_reliance_caveat,loopc,opus
C3 AI-specific stance (interaction),0.0,0.0,0.0,1.0,6,P_reliance_caveat,loopc,opus
C6 mining_ban - mining_industry,0.0,0.0,0.0,1.0,6,P_reliance_caveat,loopc,opus
C8 ban - industry (both domains),0.0,0.0,0.0,1.0,6,P_reliance_caveat,loopc,opus
C1 ai_ban - ai_neutral,0.0,0.0,0.0,1.0,6,P_reliance_caveat,loopc,sonnet
C2 ai_ban - ai_industry,0.0,0.0,0.0,1.0,6,P_reliance_caveat,loopc,sonnet
C3 AI-specific stance (interaction),0.0,0.0,0.0,1.0,6,P_reliance_caveat,loopc,sonnet
C6 mining_ban - mining_industry,0.0,0.0,0.0,1.0,6,P_reliance_caveat,loopc,sonnet
C8 ban - industry (both domains),0.0,0.0,0.0,1.0,6,P_reliance_caveat,loopc,sonnet
