model,task,stat,p,n_reps,informative
fable,code,0.0,1.0,6,False
fable,loop,8.503401360544156e-06,1.0,6,True
fable,memo,0.0,1.0,6,False
fable,whip,0.0,1.0,6,False
haiku,code,0.0,1.0,20,False
haiku,loop,0.000751275510204083,0.0001999600079984003,20,True
haiku,memo,1.7310495626822032e-05,0.2403519296140772,20,True
haiku,sched,5.447844896651202e-05,0.07018596280743851,20,True
haiku,whip,8.479846232122425e-07,1.0,20,True
opus,code,0.0,1.0,8,False
opus,loop,0.0003619260204081625,0.01779644071185763,8,True
opus,memo,0.0,1.0,8,False
opus,sched,2.0437593399802054e-06,0.9184163167366527,8,True
opus,whip,0.0,1.0,8,False
sonnet,code,0.0,1.0,8,False
sonnet,loop,2.072704081632638e-05,1.0,8,True
sonnet,memo,2.440389421074535e-06,1.0,8,True
sonnet,sched,4.189706646959421e-06,0.5574885022995401,8,True
sonnet,whip,0.0,1.0,8,False
