contrast,est,lo,hi,p,n_blocks,p_holm,mde80,analysis,scale
C1 ai_ban - ai_neutral,0.0007321916108215439,-0.002740399957451334,0.004219442523844979,0.6863156842157893,204,1.0,0.004974221541304466,PRIMARY: five tasks,score
C2 ai_ban - ai_industry,0.006556926568095592,0.0026321778711484575,0.0108557046236216,0.0016499175041247937,204,0.004949752512374381,0.005877380706183244,PRIMARY: five tasks,score
C3 AI-specific stance (interaction),0.00012454348828138737,-0.004161348083537213,0.004357736765592311,0.9572521373931303,204,1.0,0.006088617017212698,PRIMARY: five tasks,score
C4 ai_ban - mining_ban,-0.005500301386377334,-0.00891096470233663,-0.0023858277488210482,0.0008499575021248938,204,,0.0046635361190090615,PRIMARY: five tasks,score
C5 ai_ban_miri - ai_ban,-0.0035186859553948163,-0.007639291476084104,0.0005332322802538733,0.09659517024148792,204,,0.005840928702746615,PRIMARY: five tasks,score
C6 mining_ban - mining_industry,0.006432383079814204,0.0033452669042300463,0.00983141199517782,4.999750012499375e-05,204,,0.004635668510907067,PRIMARY: five tasks,score
C7 ai_ban - mean(other 5),0.0003607865531289282,-0.0023400896834416493,0.0030110544884176353,0.792410379481026,204,,0.0038244797467500407,PRIMARY: five tasks,score
C8 ban - industry (both domains),0.006494654823954896,0.0036547308796936484,0.009605809887246033,9.99950002499875e-05,204,,0.004253255080545778,PRIMARY: five tasks,score
C9 AI - mining (main effect),-0.0042581011973964935,-0.007001931990873111,-0.0017239186091935498,0.001399930003499825,204,,0.003772212938582733,PRIMARY: five tasks,score
C1 ai_ban - ai_neutral,0.015597245363160397,-0.11277358356872462,0.14678843135333158,0.8139593020348983,204,1.0,0.18550979701040654,PRIMARY: five tasks,SD
C2 ai_ban - ai_industry,0.15566326700148572,0.025087282436298094,0.2909484885672292,0.024748762561871907,204,0.07424628768561573,0.19001184898761525,PRIMARY: five tasks,SD
C3 AI-specific stance (interaction),-0.015639257898414236,-0.18375473570122366,0.15839362240468155,0.863256837158142,204,1.0,0.24453451896160655,PRIMARY: five tasks,SD
C4 ai_ban - mining_ban,-0.1339673859651369,-0.26134619826354843,-0.0035336283253891362,0.03534823258837058,204,,0.1842594631202915,PRIMARY: five tasks,SD
C5 ai_ban_miri - ai_ban,-0.1493619518153087,-0.29423223172188767,-0.012369067457215463,0.04204789760511975,204,,0.20144849932356967,PRIMARY: five tasks,SD
C6 mining_ban - mining_industry,0.17130252489989997,0.04231735788627613,0.2950443038295015,0.0050497475126243686,204,,0.180624751487872,PRIMARY: five tasks,SD
C7 ai_ban - mean(other 5),0.024356918529984513,-0.07440487430294651,0.12156350680980192,0.64006799660017,204,,0.14005922481223107,PRIMARY: five tasks,SD
C8 ban - industry (both domains),0.16348289595069287,0.06473762741517182,0.26243231445865295,0.0007499625018749063,204,,0.1412930211475086,PRIMARY: five tasks,SD
C9 AI - mining (main effect),-0.07357881069312325,-0.161369894506723,0.01895524221559706,0.11054447277636119,204,,0.12887894832869407,PRIMARY: five tasks,SD
C1 ai_ban - ai_neutral,-0.00031254883575558643,-0.002260537360748332,0.001640881387716832,0.7704614769261537,162,0.7704614769261537,0.0027883563791015493,sensitivity: four tasks,score
C2 ai_ban - ai_industry,0.001158105061058649,-0.001001830643180854,0.0033682718281874404,0.3101344932753362,162,0.6202689865506724,0.003123326125441167,sensitivity: four tasks,score
C3 AI-specific stance (interaction),-0.002003661286361706,-0.005023106288929071,0.001029946085325837,0.19884005799710014,162,0.5965201739913004,0.004326135769822032,sensitivity: four tasks,score
C4 ai_ban - mining_ban,-0.0007534659433393612,-0.0029050298037639785,0.0013704010671310239,0.5222238888055597,162,,0.003055664031695576,sensitivity: four tasks,score
C5 ai_ban_miri - ai_ban,-0.0019618020672872993,-0.004264059116379789,4.1859219074409594e-05,0.08659567021648917,162,,0.0030774535195119534,sensitivity: four tasks,score
C6 mining_ban - mining_industry,0.0031617663474203554,0.0008955779920969772,0.005620437345120888,0.009399530023498826,162,,0.003376871996256435,sensitivity: four tasks,score
C7 ai_ban - mean(other 5),0.0010098793631993983,-0.0006648242735295474,0.0026761274376753087,0.2407879606019699,162,,0.0023877888062831406,sensitivity: four tasks,score
C8 ban - industry (both domains),0.002159935704239501,0.000517589243855069,0.003940417587569485,0.013349332533373332,162,,0.002446306295759808,sensitivity: four tasks,score
C9 AI - mining (main effect),0.0011194281217969911,-0.0002624646473191099,0.002602971475806333,0.12769361531923404,162,,0.002047936304188851,sensitivity: four tasks,score
C1 ai_ban - ai_neutral,-0.0181376716343959,-0.13757566975890337,0.09740907641178356,0.7703114844257787,162,1.0,0.1679443449217955,sensitivity: four tasks,SD
C2 ai_ban - ai_industry,0.05315348061669399,-0.08072781416678114,0.1819943150639748,0.4227788610569472,162,1.0,0.1877683407503779,sensitivity: four tasks,SD
C3 AI-specific stance (interaction),-0.06413626052121613,-0.24524351955042403,0.12618308755465443,0.5088745562721864,162,1.0,0.26545977657408026,sensitivity: four tasks,SD
C4 ai_ban - mining_ban,-0.03249647446168466,-0.16471654886509282,0.11438102734529651,0.672016399180041,162,,0.19947192475152187,sensitivity: four tasks,SD
C5 ai_ban_miri - ai_ban,-0.08124854703931476,-0.1979551373981445,0.027448564737711532,0.1624418779061047,162,,0.16109674229942036,sensitivity: four tasks,SD
C6 mining_ban - mining_industry,0.11728974113791013,-0.033031179547021,0.25606448165525786,0.10744462776861156,162,,0.2066175878713554,sensitivity: four tasks,SD
C7 ai_ban - mean(other 5),0.04673711300340305,-0.05885257526830833,0.1450367467455257,0.37718114094295285,162,,0.14572034644874274,sensitivity: four tasks,SD
C8 ban - industry (both domains),0.08522161087730205,-0.014427293773834948,0.18358226089781918,0.09229538523073846,162,,0.14151805804208295,sensitivity: four tasks,SD
C9 AI - mining (main effect),0.054551315684139706,-0.03042798587413506,0.14969117375935714,0.2504874756262187,162,,0.12873173584866796,sensitivity: four tasks,SD
C1 ai_ban - ai_neutral,0.0011854530841872615,-0.00444040801974798,0.006655741410488244,0.6870156492175391,126,1.0,0.00793045326381208,"sensitivity: five tasks, informative cells only",score
C2 ai_ban - ai_industry,0.010615976348345242,0.0040533238611900465,0.017339099141766404,0.0017499125043747813,126,0.005249737513124344,0.009495385818166434,"sensitivity: five tasks, informative cells only",score
C3 AI-specific stance (interaction),0.0002016418381698653,-0.006688732455007312,0.007361075231780477,0.9580520973951302,126,1.0,0.010041442207150073,"sensitivity: five tasks, informative cells only",score
C4 ai_ban - mining_ban,-0.008905249863658541,-0.014378336777749074,-0.0038548752834467142,0.0006999650017499125,126,,0.0075211513758709535,"sensitivity: five tasks, informative cells only",score
C5 ai_ban_miri - ai_ban,-0.005696920118258274,-0.012234528832630095,0.0009020063721691176,0.09009549522523874,126,,0.00938872346169047,"sensitivity: five tasks, informative cells only",score
C6 mining_ban - mining_industry,0.010414334510175377,0.0056285879330635205,0.015781308303912278,4.999750012499375e-05,126,,0.007256181516641204,"sensitivity: five tasks, informative cells only",score
C7 ai_ban - mean(other 5),0.0005841306098277541,-0.0038350232498062546,0.004770968636177543,0.7950602469876507,126,,0.0061507297526622725,"sensitivity: five tasks, informative cells only",score
C8 ban - industry (both domains),0.010515155429260308,0.0060054195728924484,0.015376984126984123,4.999750012499375e-05,126,,0.006697886971718594,"sensitivity: five tasks, informative cells only",score
C9 AI - mining (main effect),-0.006894068605308677,-0.011323403130591147,-0.0027855683134901275,0.0012499375031248437,126,,0.0061020176789134805,"sensitivity: five tasks, informative cells only",score
C1 ai_ban - ai_neutral,0.025252682968926347,-0.17774903120229485,0.23617927482903378,0.8193090345482726,126,1.0,0.2958358758764906,"sensitivity: five tasks, informative cells only",SD
C2 ai_ban - ai_industry,0.2520262418119293,0.035444880551073685,0.469730794899502,0.02449877506124694,126,0.07349632518374082,0.310385523241713,"sensitivity: five tasks, informative cells only",SD
C3 AI-specific stance (interaction),-0.025320703264099235,-0.29321629458075427,0.2650964490999044,0.8607569621518925,126,1.0,0.399027892350211,"sensitivity: five tasks, informative cells only",SD
C4 ai_ban - mining_ban,-0.21689957727688836,-0.4223375908472592,-0.006738901063318667,0.03884805759712014,126,,0.2970297044533321,"sensitivity: five tasks, informative cells only",SD
C5 ai_ban_miri - ai_ban,-0.2418241124628808,-0.4794642761257534,-0.021653578240648723,0.03929803509824509,126,,0.3271987608023517,"sensitivity: five tasks, informative cells only",SD
C6 mining_ban - mining_industry,0.2773469450760286,0.07419519377811701,0.4687002556130574,0.00519974001299935,126,,0.28195402151795684,"sensitivity: five tasks, informative cells only",SD
C7 ai_ban - mean(other 5),0.039435010953308244,-0.12355730833460926,0.1949856992639993,0.6330183490825458,126,,0.22766369993100583,"sensitivity: five tasks, informative cells only",SD
C8 ban - industry (both domains),0.26468659344397893,0.10954581444108757,0.4199955243411817,0.0015999200039998,126,,0.22187939434358367,"sensitivity: five tasks, informative cells only",SD
C9 AI - mining (main effect),-0.11912759826505667,-0.26524080160798263,0.02587892444796966,0.11154442277886106,126,,0.2080641934552025,"sensitivity: five tasks, informative cells only",SD
C1 ai_ban - ai_neutral,-0.0006792350287998201,-0.004865567844335462,0.0035869686154688845,0.7531123443827809,204,0.7531123443827809,0.006041054671856463,"sensitivity: original (v1) scorers, five tasks",score
C2 ai_ban - ai_industry,0.008452512388630705,0.003589421200605955,0.013382377012350118,0.0004999750012499375,204,0.0014999250037498126,0.0069990566428376425,"sensitivity: original (v1) scorers, five tasks",score
C3 AI-specific stance (interaction),0.0028326957146891946,-0.002115765227959362,0.008121862723701443,0.2897855107244638,204,0.5795710214489276,0.007316865234502684,"sensitivity: original (v1) scorers, five tasks",score
C4 ai_ban - mining_ban,-0.004431770525757224,-0.008529692595065091,-0.0005850739466454376,0.03384830758462077,204,,0.005678044197784443,"sensitivity: original (v1) scorers, five tasks",score
C5 ai_ban_miri - ai_ban,-0.003091273611146774,-0.0076287486841091785,0.0013230292662678308,0.1808409579521024,204,,0.006397864151868854,"sensitivity: original (v1) scorers, five tasks",score
C6 mining_ban - mining_industry,0.005619816673941511,0.0018315140875206472,0.009382322985938156,0.003649817509124544,204,,0.005396587117843241,"sensitivity: original (v1) scorers, five tasks",score
C7 ai_ban - mean(other 5),0.000799141568456255,-0.00279821081640865,0.0042906669105878675,0.6665666716664167,204,,0.005066443441509012,"sensitivity: original (v1) scorers, five tasks",score
C8 ban - industry (both domains),0.007036164531286108,0.003633726870276704,0.010684828902097722,0.000199990000499975,204,,0.005039445032107551,"sensitivity: original (v1) scorers, five tasks",score
C9 AI - mining (main effect),-0.003850282292460079,-0.006825066579083217,-0.0009956532809544114,0.008899555022248887,204,,0.004166300211340155,"sensitivity: original (v1) scorers, five tasks",score
C1 ai_ban - ai_neutral,-0.00023804904861211926,-0.003749828232859656,0.003289583232293839,0.8967551622418879,162,1.0,0.00503108974695506,"sensitivity: original (v1) scorers, four tasks",score
C2 ai_ban - ai_industry,0.002619213131362125,-0.0008519650160854846,0.006164126533779528,0.1505424728763562,162,0.4516274186290686,0.005014422929382523,"sensitivity: original (v1) scorers, four tasks",score
C3 AI-specific stance (interaction),-0.0007538893469345922,-0.005193871213713353,0.003773323283271636,0.7490625468726564,162,1.0,0.006408882406726779,"sensitivity: original (v1) scorers, four tasks",score
C4 ai_ban - mining_ban,-2.5192513916505728e-05,-0.0037909344671311824,0.0035807116952541115,0.9890005499725014,162,,0.005268538940982131,"sensitivity: original (v1) scorers, four tasks",score
C5 ai_ban_miri - ai_ban,-0.002040863065888531,-0.005763690177883409,0.0014923331231711848,0.27748612569371534,162,,0.005185902914513999,"sensitivity: original (v1) scorers, four tasks",score
C6 mining_ban - mining_industry,0.003373102478296717,-0.0003223900825021168,0.007270219350006192,0.08249587520623969,162,,0.005426462092409297,"sensitivity: original (v1) scorers, four tasks",score
C7 ai_ban - mean(other 5),0.0019939807405251666,-0.00098670859132087,0.004931293143864062,0.1848407579621019,162,,0.004229614648857857,"sensitivity: original (v1) scorers, four tasks",score
C8 ban - industry (both domains),0.00299615780482942,0.00017263102801623071,0.005915609793556112,0.042747862606869656,162,,0.004104525176190749,"sensitivity: original (v1) scorers, four tasks",score
C9 AI - mining (main effect),0.001735858512375352,-0.00017314913608983237,0.003706628235733699,0.08084595770211489,162,,0.0027728892184346824,"sensitivity: original (v1) scorers, four tasks",score
