contrast,est,lo,hi,p,n_blocks,p_holm(primary)
C1 ai_ban - ai_neutral,-0.0006792350287998201,-0.0049867635290694184,0.003653996135774256,0.7577121143942803,204,0.7577121143942803
C2 ai_ban - ai_industry,0.008452512388630705,0.0036780673094204963,0.013463922124939022,0.0007999600019999,204,0.0023998800059997
C3 AI-specific stance (interaction),0.0028326957146891946,-0.0021901264325022893,0.00819326584846073,0.29148542572871355,204,0.5829708514574271
C4 ai_ban - mining_ban,-0.004431770525757224,-0.00859153946388682,-0.00046062330431954256,0.03134843257837108,204,
C5 ai_ban_miri - ai_ban,-0.003091273611146774,-0.007666168660829677,0.0012811267020994303,0.18064096795160242,204,
C6 mining_ban - mining_industry,0.005619816673941511,0.0019374486481628904,0.009529863232940496,0.00359982000899955,204,
C7 ai_ban - mean(other 5),0.000799141568456255,-0.002768215459470587,0.004201704132111137,0.6660666966651667,204,
C8 ban - industry (both domains),0.007036164531286108,0.003684059694370984,0.010624859584820399,0.00014999250037498125,204,
C9 AI - mining (main effect),-0.003850282292460079,-0.006843461413373681,-0.001059648724905316,0.009449527523623819,204,
