year,rd_compute_cost_billion_nominal,rd_compute_cost_billion_2025_usd,spend_real_usd,estimated_total_flops
2018,0.031353529,0.0375817412400427,37581741.2400427,8.71296199416965e+24
2022,0.416,0.459316266308035,459316266.308035,1.71308873714697e+26
2024,4.0,4.223752744425202,4223752744.425202,2.7930948751629655e+27
2025,9.0,9.0,9000000000.0,1.2701048404871383e+28
2026,19.468085,19.468085,19468085000.0,2.7473898881683384e+28
2027,32.989362,32.989362,32989362000.0,4.6555498178647175e+28
2028,40.404255,40.404255,40404255000.0,5.70195998353074e+28
2029,43.893617,43.893617,43893617000.0,6.194388379798726e+28
2030,50.0,50.0,50000000000.0,7.056138002706323e+28
